date,traffic_volume
2000-01-01,29404
2000-01-02,29016
2000-01-03,22752
2000-01-04,24271
2000-01-05,26687
2000-01-06,27335
2000-01-07,28391
2000-01-08,28565
2000-01-09,8270
2000-01-10,6903
2000-01-11,6078
2000-01-12,6090
2006-09-05,19478
2006-09-06,33384
2006-09-07,34587
2006-09-08,36211
2006-09-09,34737
2006-09-10,30075
2006-09-11,34308
2006-09-12,33700
2006-09-13,32603
2006-09-14,32807
2006-09-15,34540
2006-09-16,37526
2006-09-17,32656
2006-09-18,10271
2006-11-04,19631
2006-11-05,28657
2006-11-06,1398
2007-03-10,5772
2007-03-11,1767
2007-03-12,6199
2007-03-13,7106
2007-03-14,7997
2007-03-15,7880
2007-03-16,5268
2007-03-17,0
2007-03-18,3
2007-03-19,5414
2007-03-20,7717
2007-03-21,7646
2007-03-22,8025
2007-03-23,7372
2007-03-24,7835
2007-03-25,7345
2007-03-26,6692
2007-03-27,1457
2007-03-28,6132
2007-03-29,7797
2007-03-30,8118
2007-03-31,2000
2007-04-02,21066
2007-04-03,27882
2007-04-04,25818
2007-04-05,27544
2007-04-06,24321
2007-04-07,27919
2007-04-08,22732
2007-04-09,24829
2007-04-10,28625
2007-04-11,30013
2007-04-12,27578
2007-04-13,31755
2007-04-14,29568
2007-04-15,16771
2007-04-16,29185
2007-04-17,25851
2007-04-18,30586
2007-04-19,31418
2007-04-20,33843
2007-04-21,4473
2007-04-23,48272
2007-04-24,70927
2007-04-25,69571
2007-04-26,71845
2007-04-27,64748
2007-04-28,98038
2007-04-29,95207
2007-04-30,116725
2007-05-01,116619
2007-05-02,116729
2007-05-03,119242
2007-05-04,96957
2007-05-05,80229
2007-05-06,71262
2007-05-07,52958
2007-05-08,46923
2007-05-09,48537
2007-05-10,48520
2007-05-11,37335
2007-05-12,48671
2007-05-13,46359
2007-05-14,16166
2007-10-20,69221
2007-10-21,72393
2007-10-22,79677
2007-10-23,83879
2007-10-24,81225
2007-10-25,85315
2007-10-26,82243
2007-10-27,18362
2007-10-28,11246
2007-10-29,5101
2007-11-03,20620
2007-11-04,23120
2007-11-05,30120
2007-11-06,24212
2007-11-07,25578
2007-11-08,27178
2007-11-09,33475
2007-11-10,27282
2007-11-11,25823
2007-11-12,26817
2007-11-13,1400
2008-03-10,46770
2008-03-11,66447
2008-03-12,56804
2008-03-13,65905
2008-03-14,72043
2008-03-15,60601
2008-03-16,42259
2008-03-17,63825
2008-03-18,56700
2008-03-19,51421
2008-03-20,55501
2008-03-21,47796
2008-03-22,45176
2008-03-23,29076
2008-03-24,39346
2008-03-25,41160
2008-03-26,41202
2008-03-27,41645
2008-03-28,42391
2008-03-29,30687
2008-03-30,24929
2008-03-31,31551
2008-04-01,38096
2008-04-02,38780
2008-04-03,42124
2008-04-04,39627
2008-04-05,26369
2008-04-06,19217
2008-04-07,57924
2008-04-08,54590
2008-04-09,48169
2008-04-10,49946
2008-04-11,52226
2008-04-12,41798
2008-04-13,23865
2008-04-14,44705
2008-04-15,39653
2008-04-16,50639
2008-04-17,53605
2008-04-18,55261
2008-04-19,43140
2008-04-20,30570
2008-04-21,45690
2008-04-22,52213
2008-04-23,52821
2008-04-24,52992
2008-04-25,78444
2008-04-26,160982
2008-04-27,154178
2008-04-28,181111
2008-04-29,195882
2008-04-30,196896
2008-05-01,204469
2008-05-02,205916
2008-05-03,258904
2008-05-04,240101
2008-05-05,262320
2008-05-06,266381
2008-05-07,260082
2008-05-08,268063
2008-05-09,231715
2008-05-10,152095
2008-05-11,135144
2008-05-12,120489
2008-05-13,100435
2008-05-14,92759
2008-05-15,36442
2008-05-16,52480
2008-05-17,101394
2008-05-18,111912
2008-05-19,88575
2008-05-20,71795
2008-05-21,61901
2008-05-22,46452
2008-05-23,59071
2008-05-24,56229
2008-05-25,52380
2008-05-26,48858
2008-05-27,22031
2008-05-28,24899
2008-05-29,68650
2008-05-30,104048
2008-05-31,92078
2008-06-01,96556
2008-06-02,98248
2008-06-03,97987
2008-06-04,90452
2008-06-05,75003
2008-06-06,106984
2008-06-07,233605
2008-06-08,243522
2008-06-09,239711
2008-06-10,237942
2008-06-11,246546
2008-06-12,244918
2008-06-13,194658
2008-06-14,150644
2008-06-15,96563
2008-06-16,102240
2008-06-17,44556
2008-06-18,31826
2008-06-19,31589
2008-06-20,33856
2008-06-21,109726
2008-06-22,119969
2008-06-23,96240
2008-06-24,87678
2008-06-25,83008
2008-06-26,81186
2008-06-27,58806
2008-06-28,65667
2008-06-29,63235
2008-06-30,14568
2008-07-19,3512
2008-07-20,3686
2008-07-21,5618
2008-07-22,5691
2008-07-23,5663
2008-07-24,5870
2008-07-25,5407
2008-07-26,4263
2008-07-27,3917
2008-07-28,5220
2008-07-29,5344
2008-07-30,5235
2008-07-31,5375
2008-08-01,5676
2008-08-02,60177
2008-08-03,61251
2008-08-04,64810
2008-08-05,67440
2008-08-06,61615
2008-08-07,59788
2008-08-08,48958
2008-08-09,62864
2008-08-10,69784
2008-08-11,76222
2008-08-12,79946
2008-08-13,79205
2008-08-14,76769
2008-08-15,71682
2008-08-16,41359
2008-08-17,35901
2008-08-18,9993
2008-09-08,5323
2008-09-09,6817
2008-09-10,6968
2008-09-11,6913
2008-09-12,7002
2008-09-13,5897
2008-09-14,4773
2008-09-15,6605
2008-09-16,2110
2009-01-08,748
2009-01-09,34125
2009-01-10,25919
2009-01-11,22951
2009-01-12,21496
2009-01-13,30629
2009-01-14,27431
2009-01-15,28776
2009-01-16,34022
2009-01-17,18540
2009-01-18,7389
2009-01-19,3950
2009-01-20,14779
2009-01-21,18705
2009-01-22,18854
2009-01-23,19108
2009-01-24,14698
2009-01-25,12401
2009-01-26,34352
2009-01-27,37566
2009-01-28,3172
2009-01-29,31363
2009-01-30,37071
2009-01-31,35515
2009-02-01,26834
2009-02-02,38407
2009-02-03,35236
2009-02-04,39286
2009-02-05,37421
2009-02-06,41647
2009-02-07,23477
2009-02-08,16774
2009-02-09,26733
2009-02-10,26773
2009-02-11,28998
2009-02-12,29471
2009-02-13,11286
2009-02-14,3593
2009-02-15,2586
2009-02-16,2646
2009-02-17,14201
2009-02-18,16730
2009-02-19,7244
2009-02-20,7496
2009-02-21,6848
2009-02-22,6192
2009-02-23,12191
2009-02-24,11042
2009-02-25,12320
2009-02-26,6758
2009-02-27,6732
2009-02-28,4285
2009-03-01,6139
2009-03-02,1389
2009-03-03,99
2009-03-04,5840
2009-03-05,11887
2009-03-06,17419
2009-03-07,13942
2009-03-08,12569
2009-03-09,15640
2009-03-10,17601
2009-03-11,17664
2009-03-12,18149
2009-03-13,2927
2009-03-14,8151
2009-03-15,7565
2009-03-16,10761
2009-03-17,11985
2009-03-18,12090
2009-03-19,9899
2009-03-20,6830
2009-03-21,12231
2009-03-22,10311
2009-03-23,14341
2009-03-24,14376
2009-03-25,14521
2009-03-26,14333
2009-03-27,22135
2009-03-28,41947
2009-03-29,33732
2009-03-30,38038
2009-03-31,37807
2009-04-01,38188
2009-04-02,39601
2009-04-03,39904
2009-04-04,42301
2009-04-05,36637
2009-04-06,22110
2009-04-07,26761
2009-04-08,28550
2009-04-09,26823
2009-04-10,29948
2009-04-11,31231
2009-04-12,27281
2009-04-13,32004
2009-04-14,31240
2009-04-15,30657
2009-04-16,32090
2009-04-17,6331
2009-04-18,10309
2009-04-19,21573
2009-04-20,23885
2009-04-21,18358
2009-04-22,16601
2009-04-23,15836
2009-04-24,10846
2009-04-25,5823
2009-04-26,4703
2009-04-27,16875
2009-04-28,49075
2009-04-29,36175
2009-04-30,16518
2009-05-01,9689
2009-05-02,4049
2009-05-03,1965
2009-05-04,2641
2009-05-05,6458
2009-05-06,9482
2009-05-07,21172
2009-05-08,31135
2009-05-09,24097
2009-05-10,29143
2009-05-11,29183
2009-05-12,29201
2009-05-13,30398
2009-05-14,29429
2009-05-15,30463
2009-05-16,23065
2009-05-17,25526
2009-05-18,41268
2009-05-19,28439
2009-05-20,23652
2009-05-21,23486
2009-05-22,22798
2009-05-23,18873
2009-05-24,17196
2009-05-25,16435
2009-05-26,16758
2009-05-27,13219
2009-05-28,16764
2009-05-29,17654
2009-05-30,50686
2009-05-31,43301
2009-06-01,52123
2009-06-02,51920
2009-06-03,42796
2009-06-04,46328
2009-06-05,47586
2009-06-06,52830
2009-06-07,28966
2009-06-08,19212
2009-06-09,19084
2009-06-10,19478
2009-06-11,18861
2009-06-12,12348
2009-06-13,11197
2009-06-14,9564
2009-06-15,11329
2009-06-16,15437
2009-06-17,15044
2009-06-18,15198
2009-06-19,20697
2009-06-20,17380
2009-06-21,14396
2009-06-22,28460
2009-06-23,27664
2009-06-24,19366
2009-06-25,17243
2009-06-26,17137
2009-06-27,16113
2009-06-28,13649
2009-06-29,15566
2009-06-30,15816
2009-07-01,16105
2009-07-02,16827
2009-07-03,15048
2009-07-04,13376
2009-07-05,11767
2009-07-06,7205
2009-07-07,13943
2009-07-08,16001
2009-07-09,16027
2009-07-10,15967
2009-07-11,12053
2009-07-12,10425
2009-07-13,15833
2009-07-14,11736
2009-07-15,11864
2009-07-16,12208
2009-07-17,10523
2009-07-18,8644
2009-07-19,7421
2009-07-20,6901
2009-07-21,6780
2009-07-22,12233
2009-07-23,16560
2009-07-24,6778
2009-07-27,9219
2009-07-28,12051
2009-07-29,11327
2009-07-30,12622
2009-07-31,1604
2009-08-03,12759
2009-08-04,15259
2009-08-05,14499
2009-08-06,14615
2009-08-07,9498
2009-08-08,6692
2009-08-09,6643
2009-08-10,1591
2009-08-11,250
2009-08-12,147
2009-08-13,42
2009-08-14,2
2009-08-15,1
2009-08-16,1
2009-08-17,0
2009-08-18,6
2009-08-19,5982
2009-08-20,8218
2009-08-21,9856
2009-08-22,8431
2009-08-23,7237
2009-08-24,9379
2009-08-25,9539
2009-08-26,7062
2009-08-27,940
2009-08-28,23437
2009-08-29,26351
2009-08-30,22043
2009-08-31,28003
2009-09-01,32087
2009-09-02,32455
2009-09-03,32262
2009-09-04,21394
2009-09-05,18599
2009-09-06,20213
2009-09-07,26733
2009-09-08,56582
2009-09-09,52223
2009-09-10,60904
2009-09-11,61796
2009-09-12,60857
2009-09-13,56316
2009-09-14,62782
2009-09-15,39792
2009-09-16,26937
2009-09-17,21993
2009-09-18,34451
2009-09-19,41207
2009-09-20,34679
2009-09-21,24870
2009-09-22,19770
2009-09-23,15530
2009-09-24,19585
2009-09-25,21008
2009-09-26,29318
2009-09-27,25790
2009-09-28,39077
2009-09-29,49815
2009-09-30,51418
2009-10-01,52485
2009-10-02,58579
2009-10-03,50989
2009-10-04,44967
2009-10-05,41538
2009-10-06,33247
2009-10-07,21975
2009-10-08,17274
2009-10-09,16390
2009-10-10,13660
2009-10-11,11438
2009-10-12,14010
2009-10-13,16881
2009-10-14,16546
2009-10-15,16813
2009-10-16,16970
2009-10-17,40269
2009-10-18,47170
2009-10-19,34571
2009-10-20,22326
2009-10-21,22392
2009-10-22,22386
2009-10-23,23715
2009-10-24,20632
2009-10-25,29566
2009-10-26,71895
2009-10-27,71031
2009-10-28,49092
2009-10-29,43250
2009-10-30,28302
2009-10-31,18692
2009-11-01,16659
2009-11-02,27190
2009-11-03,39694
2009-11-04,47928
2009-11-05,48173
2009-11-06,50918
2009-11-07,44961
2009-11-08,43978
2009-11-09,46420
2009-11-10,46192
2009-11-11,38433
2009-11-12,37352
2009-11-13,20612
2009-11-14,20880
2009-11-15,18699
2009-11-16,17550
2009-11-17,22868
2009-11-18,23774
2009-11-19,23418
2009-11-20,22602
2009-11-21,23921
2009-11-22,20647
2009-11-23,18989
2009-11-24,26565
2009-11-25,25826
2009-11-26,14023
2009-11-27,7335
2009-11-28,7191
2009-11-29,6817
2009-11-30,22167
2009-12-01,27331
2009-12-02,27125
2009-12-03,27942
2009-12-04,27314
2009-12-05,22167
2009-12-06,20686
2009-12-07,36548
2009-12-08,43663
2009-12-09,32547
2009-12-10,73632
2009-12-11,51181
2009-12-12,21761
2009-12-13,19000
2009-12-14,23464
2009-12-15,26556
2009-12-16,26964
2009-12-17,24914
2009-12-18,26318
2009-12-19,22622
2009-12-20,1030
2009-12-21,114
2009-12-22,148
2009-12-23,168
2009-12-24,7
2009-12-28,16221
2009-12-29,18009
2009-12-30,18932
2009-12-31,17402
2010-01-01,12631
2010-01-02,13057
2010-01-03,15779
2010-01-04,16524
2010-01-05,16241
2010-01-06,20196
2010-01-07,19113
2010-01-08,56419
2010-01-09,60893
2010-01-10,52681
2010-01-11,70872
2010-01-12,68625
2010-01-13,64850
2010-01-14,68487
2010-01-15,72734
2010-01-16,33724
2010-01-17,22228
2010-01-18,26678
2010-01-19,17220
2010-01-20,19359
2010-01-21,19371
2010-01-22,17856
2010-01-23,11385
2010-01-24,10441
2010-01-25,32398
2010-01-26,45300
2010-01-27,44486
2010-01-28,44380
2010-01-29,44377
2010-01-30,38347
2010-01-31,39763
2010-02-01,37635
2010-02-02,29667
2010-02-03,15693
2010-02-04,9512
2010-02-05,2934
2010-02-08,32975
2010-02-09,38987
2010-02-10,2283
2010-02-11,14
2010-02-12,28437
2010-02-13,31203
2010-02-14,26278
2010-02-15,25215
2010-02-16,23362
2010-02-17,34556
2010-02-18,38147
2010-02-19,37001
2010-02-20,31989
2010-02-21,26589
2010-02-22,27217
2010-02-23,29481
2010-02-24,21783
2010-02-25,6853
2010-02-26,90
2010-02-27,3
2010-02-28,6
2010-03-01,14792
2010-03-02,20362
2010-03-03,19372
2010-03-04,19352
2010-03-05,26543
2010-03-06,28700
2010-03-07,24744
2010-03-08,15645
2010-03-09,20143
2010-03-10,33378
2010-03-11,36949
2010-03-12,35780
2010-03-13,30530
2010-03-14,28312
2010-03-15,36915
2010-03-16,37486
2010-03-17,37910
2010-03-18,37706
2010-03-19,37309
2010-03-20,32635
2010-03-21,29472
2010-03-22,30514
2010-03-23,27594
2010-03-24,33030
2010-03-25,34422
2010-03-26,35102
2010-03-27,29997
2010-03-28,22847
2010-03-29,20600
2010-03-30,24096
2010-03-31,31014
2010-04-01,35117
2010-04-02,34790
2010-04-03,32437
2010-04-04,25468
2010-04-05,25061
2010-04-06,25128
2010-04-07,26629
2010-04-08,59922
2010-04-09,75336
2010-04-10,75768
2010-04-11,67560
2010-04-12,67067
2010-04-13,94802
2010-04-14,102385
2010-04-15,113587
2010-04-16,91515
2010-04-17,21445
2010-04-18,18250
2010-04-19,54082
2010-04-20,82459
2010-04-21,85261
2010-04-22,82234
2010-04-23,96216
2010-04-24,115645
2010-04-25,79918
2010-04-26,87356
2010-04-27,76654
2010-04-28,77008
2010-04-29,72175
2010-04-30,76866
2010-05-01,78438
2010-05-02,67341
2010-05-03,112545
2010-05-04,108382
2010-05-05,32072
2010-05-06,33727
2010-05-07,33468
2010-05-08,32214
2010-05-09,29231
2010-05-10,31967
2010-05-11,32521
2010-05-12,31390
2010-05-13,31194
2010-05-14,153082
2010-05-15,212877
2010-05-16,186804
2010-05-17,206353
2010-05-18,123510
2010-05-19,88617
2010-05-20,88582
2010-05-21,98961
2010-05-22,82907
2010-05-23,66338
2010-05-24,70468
2010-05-25,54506
2010-05-26,50833
2010-05-27,49831
2010-05-28,24032
2010-05-29,2799
2010-06-01,33294
2010-06-02,28001
2010-06-03,29816
2010-06-04,19868
2010-06-05,15323
2010-06-06,13230
2010-06-07,24229
2010-06-08,28761
2010-06-09,27556
2010-06-10,27910
2010-06-11,29217
2010-06-12,27431
2010-06-13,22504
2010-06-14,30602
2010-06-15,33026
2010-06-16,32815
2010-06-17,25941
2010-06-18,31110
2010-06-19,34128
2010-06-20,28710
2010-06-21,34468
2010-06-22,35035
2010-06-23,34950
2010-06-24,36853
2010-06-25,39194
2010-06-26,32953
2010-06-27,28140
2010-06-28,37374
2010-06-29,37424
2010-06-30,38179
2010-07-01,38010
2010-07-02,38087
2010-07-03,910
2010-07-06,1062
2010-07-07,25887
2010-07-08,25555
2010-07-09,25869
2010-07-10,23921
2010-07-11,20802
2010-07-12,18576
2010-07-13,16735
2010-07-14,16826
2010-07-15,17347
2010-07-16,25754
2010-07-17,26026
2010-07-18,25477
2010-07-19,25979
2010-07-20,38666
2010-07-21,38532
2010-07-22,39397
2010-07-23,39174
2010-07-24,30449
2010-07-25,24009
2010-07-26,38279
2010-07-27,35670
2010-07-28,35091
2010-07-29,42320
2010-07-30,44540
2010-07-31,35917
2010-08-01,26897
2010-08-02,47143
2010-08-03,31593
2010-08-04,21025
2010-08-05,21281
2010-08-06,12823
2010-08-07,15213
2010-08-08,10959
2010-08-09,16481
2010-08-10,16894
2010-08-11,16540
2010-08-12,17189
2010-08-13,17402
2010-08-14,15674
2010-08-15,12976
2010-08-16,15434
2010-08-17,15001
2010-08-18,15788
2010-08-19,16785
2010-08-20,13194
2010-08-21,7116
2010-08-22,4593
2010-08-23,8925
2010-08-24,9243
2010-08-25,8866
2010-08-26,11813
2010-08-27,12325
2010-08-28,22875
2010-08-29,14137
2010-08-30,19307
2010-08-31,19192
2010-09-01,19978
2010-09-02,20529
2010-09-03,20844
2010-09-04,16930
2010-09-05,14664
2010-09-06,13057
2010-09-07,19525
2010-09-08,20319
2010-09-09,18401
2010-09-10,37128
2010-09-11,39084
2010-09-12,23790
2010-09-13,24944
2010-09-14,29961
2010-09-15,29755
2010-09-16,29887
2010-09-17,30655
2010-09-18,19825
2010-09-19,16694
2010-09-20,29613
2010-09-21,31284
2010-09-22,34863
2010-09-23,28860
2010-09-24,30424
2010-09-25,29637
2010-09-26,26708
2010-09-27,30443
2010-09-28,33681
2010-09-29,33700
2010-09-30,29466
2010-10-01,29320
2010-10-02,29586
2010-10-03,20548
2010-10-04,15433
2010-10-05,16545
2010-10-06,17116
2010-10-07,17315
2010-10-08,57345
2010-10-09,108131
2010-10-10,104837
2010-10-11,97595
2010-10-12,107519
2010-10-13,122776
2010-10-14,100073
2010-10-15,63075
2010-10-16,49910
2010-10-17,37973
2010-10-18,55642
2010-10-19,62512
2010-10-20,64098
2010-10-21,62518
2010-10-22,61999
2010-10-23,65260
2010-10-24,64749
2010-10-25,96207
2010-10-26,81988
2010-10-27,84604
2010-10-28,89745
2010-10-29,24932
2010-10-30,19844
2010-10-31,13730
2010-11-01,21454
2010-11-02,20550
2010-11-03,21216
2010-11-04,20257
2010-11-05,22387
2010-11-06,23183
2010-11-07,21945
2010-11-08,26971
2010-11-09,20717
2010-11-10,23593
2010-11-11,30930
2010-11-12,33525
2010-11-13,33924
2010-11-14,29430
2010-11-15,29526
2010-11-16,29332
2010-11-17,30238
2010-11-18,31840
2010-11-19,34094
2010-11-20,32841
2010-11-21,27428
2010-11-22,18586
2010-11-23,35536
2010-11-24,43196
2010-11-25,34641
2010-11-26,38444
2010-11-27,39950
2010-11-28,28978
2010-11-29,36882
2010-11-30,46089
2010-12-01,44786
2010-12-02,47031
2010-12-03,31773
2010-12-04,23324
2010-12-05,17123
2010-12-06,19976
2010-12-07,20456
2010-12-08,19788
2010-12-09,20377
2010-12-10,14735
2010-12-11,6973
2010-12-12,5771
2010-12-13,6386
2010-12-14,8601
2010-12-15,16195
2010-12-16,22716
2010-12-17,24976
2010-12-18,17554
2010-12-19,12315
2010-12-20,20190
2010-12-21,22307
2010-12-22,20000
2010-12-23,4843
2011-01-03,31077
2011-01-04,40216
2011-01-05,34912
2011-01-06,29880
2011-01-07,33092
2011-01-08,36932
2011-01-09,20478
2011-01-10,33802
2011-01-11,33102
2011-01-12,175
2011-01-13,0
2011-01-14,14068
2011-01-15,11288
2011-01-16,10019
2011-01-17,10068
2011-01-18,9980
2011-01-19,1332
2011-01-20,21885
2011-01-21,2083
2011-01-22,0
2011-01-23,0
2011-01-24,12117
2011-01-25,15017
2011-01-26,5920
2011-01-27,2
2011-01-28,11
2011-02-06,17711
2011-02-07,27715
2011-02-08,27805
2011-02-09,28730
2011-02-10,28833
2011-02-11,32114
2011-02-12,20443
2011-02-13,15036
2011-02-14,20653
2011-02-15,19750
2011-02-16,20449
2011-02-17,20774
2011-02-18,25952
2011-02-19,20471
2011-02-20,19637
2011-02-21,24881
2011-02-22,41192
2011-02-23,23719
2011-02-24,46047
2011-02-25,62772
2011-02-26,28031
2011-02-27,18549
2011-02-28,27868
2011-03-01,27831
2011-03-02,27273
2011-03-03,28181
2011-03-04,29353
2011-03-05,34144
2011-03-06,26469
2011-03-07,40396
2011-03-08,33062
2011-03-09,29608
2011-03-10,28777
2011-03-11,31070
2011-03-12,28505
2011-03-13,23428
2011-03-14,14219
2011-03-15,10962
2011-03-16,22894
2011-03-17,31545
2011-03-18,46638
2011-03-19,49790
2011-03-20,42348
2011-03-21,49779
2011-03-22,52795
2011-03-23,49165
2011-03-24,53407
2011-03-25,40091
2011-03-26,12386
2011-03-27,13591
2011-03-28,19692
2011-03-29,20224
2011-03-30,20381
2011-03-31,20104
2011-04-01,21885
2011-04-02,22771
2011-04-03,19101
2011-04-04,26453
2011-04-05,37155
2011-04-06,51691
2011-04-07,63742
2011-04-08,67265
2011-04-09,60451
2011-04-10,50800
2011-04-11,51122
2011-04-12,50849
2011-04-13,50812
2011-04-14,54132
2011-04-15,68069
2011-04-16,67001
2011-04-17,65905
2011-04-18,69275
2011-04-19,61067
2011-04-20,58289
2011-04-21,146458
2011-04-22,196142
2011-04-23,175860
2011-04-24,178847
2011-04-25,131458
2011-04-26,128475
2011-04-27,149780
2011-04-28,105828
2011-04-29,49465
2011-04-30,26615
2011-05-01,22166
2011-05-02,24723
2011-05-03,29793
2011-05-04,26043
2011-05-05,28990
2011-05-06,30687
2011-05-07,31570
2011-05-08,27553
2011-05-09,23899
2011-05-10,20087
2011-05-11,16534
2011-05-12,16751
2011-05-13,12953
2011-05-14,15495
2011-05-15,33021
2011-05-16,40780
2011-05-17,37480
2011-05-18,38726
2011-05-19,29605
2011-05-20,22601
2011-05-21,20870
2011-05-22,19098
2011-05-23,18611
2011-05-24,18666
2011-05-25,18803
2011-05-26,19221
2011-05-27,12488
2011-05-28,8803
2011-05-29,8670
2011-05-30,7848
2011-05-31,10689
2011-06-01,25835
2011-06-02,40595
2011-06-03,42078
2011-06-04,30915
2011-06-05,32616
2011-06-06,42596
2011-06-07,30920
2011-06-08,28252
2011-06-09,27036
2011-06-10,30962
2011-06-11,27070
2011-06-12,25214
2011-06-13,28238
2011-06-14,29099
2011-06-15,28018
2011-06-16,45142
2011-06-17,51725
2011-06-18,53018
2011-06-19,50937
2011-06-20,50755
2011-06-21,53473
2011-06-22,53790
2011-06-23,52937
2011-06-24,54509
2011-06-25,13503
2011-06-26,6498
2011-06-27,9671
2011-06-28,13070
2011-06-29,11398
2011-06-30,11403
2011-07-01,12097
2011-07-02,10364
2011-07-03,7233
2011-07-04,7751
2011-07-05,15678
2011-07-06,19222
2011-07-07,14052
2011-07-08,12190
2011-07-09,9770
2011-07-10,8241
2011-07-11,8595
2011-07-12,8089
2011-07-13,8390
2011-07-14,8690
2011-07-15,8767
2011-07-16,7180
2011-07-17,6245
2011-07-18,7670
2011-07-19,8058
2011-07-20,8667
2011-07-21,8257
2011-07-22,7695
2011-07-23,4621
2011-07-24,3917
2011-07-25,9770
2011-07-26,18813
2011-07-27,15445
2011-07-28,14360
2011-07-29,13287
2011-07-30,11463
2011-07-31,10684
2011-08-01,12990
2011-08-02,14630
2011-08-03,13444
2011-08-04,17844
2011-08-05,21558
2011-08-06,33344
2011-08-07,28616
2011-08-08,32111
2011-08-09,37609
2011-08-10,41557
2011-08-11,43624
2011-08-12,40869
2011-08-13,39181
2011-08-14,27907
2011-08-15,36664
2011-08-16,40177
2011-08-17,41903
2011-08-18,41674
2011-08-19,40337
2011-08-20,9156
2011-08-21,0
2011-08-22,7988
2011-08-23,14640
2011-08-24,14928
2011-08-25,15032
2011-08-26,16013
2011-08-27,6458
2011-08-28,2178
2011-08-29,14400
2011-08-30,14781
2011-08-31,15081
2011-09-01,16593
2011-09-02,4869
2011-09-06,9504
2011-09-07,8322
2011-09-08,7615
2011-09-09,7817
2011-09-10,25954
2011-09-11,41963
2011-09-12,46619
2011-09-13,51785
2011-09-14,52874
2011-09-15,52452
2011-09-16,54847
2011-09-17,55252
2011-09-18,51284
2011-09-19,51114
2011-09-20,21849
2011-09-21,17339
2011-09-22,18729
2011-09-23,11696
2011-09-24,10549
2011-09-25,9124
2011-09-26,17566
2011-09-27,20449
2011-09-28,18904
2011-09-29,28202
2011-09-30,37494
2011-10-01,41666
2011-10-02,23613
2011-10-03,26052
2011-10-04,12450
2011-10-05,11486
2011-10-06,11862
2011-10-07,12544
2011-10-08,10152
2011-10-09,9682
2011-10-10,9493
2011-10-11,17754
2011-10-12,20212
2011-10-13,20226
2011-10-14,19839
2011-10-15,19275
2011-10-16,19569
2011-10-17,16768
2011-10-18,24362
2011-10-19,29892
2011-10-20,35794
2011-10-21,38839
2011-10-22,34684
2011-10-23,30283
2011-10-24,36450
2011-10-25,40649
2011-10-26,40385
2011-10-27,40043
2011-10-28,45538
2011-10-29,35733
2011-10-30,31298
2011-10-31,38825
2011-11-01,27713
2011-11-02,20851
2011-11-03,20628
2011-11-04,21987
2011-11-05,20114
2011-11-06,15095
2011-11-07,11949
2011-11-08,8392
2011-11-09,9313
2011-11-10,9053
2011-11-11,12563
2011-11-12,13751
2011-11-13,12266
2011-11-14,15178
2011-11-15,14634
2011-11-16,14016
2011-11-17,14363
2011-11-18,15711
2011-11-19,14758
2011-11-20,12854
2011-11-21,15073
2011-11-22,9978
2011-11-23,4532
2011-11-26,1245
2011-11-27,20146
2011-11-28,24427
2011-11-29,21938
2011-11-30,24999
2011-12-01,26540
2011-12-02,29695
2011-12-03,32351
2011-12-04,25265
2011-12-05,25994
2011-12-06,23788
2011-12-07,23754
2011-12-08,26699
2011-12-09,30459
2011-12-10,33546
2011-12-11,25935
2011-12-12,26392
2011-12-13,25842
2011-12-14,15432
2012-01-07,11826
2012-01-08,22152
2012-01-09,27120
2012-01-10,26850
2012-01-11,27730
2012-01-12,27538
2012-01-13,30940
2012-01-14,25135
2012-01-15,16577
2012-01-16,17866
2012-01-17,19887
2012-01-18,21353
2012-01-19,21129
2012-01-20,23111
2012-01-21,19566
2012-01-22,17330
2012-01-23,42888
2012-01-24,38133
2012-01-25,38739
2012-01-26,38134
2012-01-27,37198
2012-01-28,51778
2012-01-29,45968
2012-01-30,43793
2012-01-31,42829
2012-02-01,53552
2012-02-02,53105
2012-02-03,60015
2012-02-04,57594
2012-02-05,50900
2012-02-06,51137
2012-02-07,53136
2012-02-08,51231
2012-02-09,48318
2012-02-10,56262
2012-02-11,62555
2012-02-12,58474
2012-02-13,64133
2012-02-14,65187
2012-02-15,64643
2012-02-16,65040
2012-02-17,70214
2012-02-18,62205
2012-02-19,55360
2012-02-20,59474
2012-02-21,65292
2012-02-22,66156
2012-02-23,67870
2012-02-24,69202
2012-02-25,10192
2012-03-05,13251
2012-03-06,21203
2012-03-07,22074
2012-03-08,21185
2012-03-09,23560
2012-03-10,33077
2012-03-11,29690
2012-03-12,33775
2012-03-13,25533
2012-03-14,13089
2012-03-15,13073
2012-03-16,14248
2012-03-17,13482
2012-03-18,10590
2012-03-19,12792
2012-03-20,3943
2012-03-23,19399
2012-03-24,22935
2012-03-25,15810
2012-03-26,18244
2012-03-27,16942
2012-03-28,17918
2012-03-29,18881
2012-03-30,20513
2012-03-31,17265
2012-04-01,15684
2012-04-02,16958
2012-04-03,54158
2012-04-04,80664
2012-04-05,84520
2012-04-06,76308
2012-04-07,64452
2012-04-08,53662
2012-04-09,70628
2012-04-10,73599
2012-04-11,73698
2012-04-12,65947
2012-04-13,46642
2012-04-14,44552
2012-04-15,39009
2012-04-16,24610
2012-04-17,20767
2012-04-18,17739
2012-04-19,21384
2012-04-20,23518
2012-04-21,35371
2012-04-22,20428
2012-04-23,24802
2012-04-24,17742
2012-04-25,16283
2012-04-26,16694
2012-04-27,12999
2012-04-28,21352
2012-04-29,19648
2012-04-30,24564
2012-05-01,23802
2012-05-02,34955
2012-05-03,45335
2012-05-04,34316
2012-05-05,44303
2012-05-06,32411
2012-05-07,28800
2012-05-08,23755
2012-05-09,23096
2012-05-10,24544
2012-05-11,41334
2012-05-12,43425
2012-05-13,40189
2012-05-14,52754
2012-05-15,57003
2012-05-16,60994
2012-05-17,63325
2012-05-18,82511
2012-05-19,53597
2012-05-20,39922
2012-05-21,47639
2012-05-22,32832
2012-05-23,34744
2012-05-24,35639
2012-05-25,36564
2012-05-26,29869
2012-05-27,24373
2012-05-28,23040
2012-05-29,15437
2012-05-30,14560
2012-05-31,58962
2012-06-01,193335
2012-06-02,204795
2012-06-03,182081
2012-06-04,146806
2012-06-05,30469
2012-06-06,29331
2012-06-07,30022
2012-06-08,31815
2012-06-09,29235
2012-06-10,54394
2012-06-11,68843
2012-06-12,76310
2012-06-13,73276
2012-06-14,72908
2012-06-15,88451
2012-06-16,85415
2012-06-17,76160
2012-06-18,81123
2012-06-19,83958
2012-06-20,85693
2012-06-21,58284
2012-06-22,56362
2012-06-23,53245
2012-06-24,29281
2012-06-25,24306
2012-06-26,22349
2012-06-27,28466
2012-06-28,48795
2012-06-29,70535
2012-06-30,52278
2012-07-01,44390
2012-07-02,55663
2012-07-03,64154
2012-07-04,31044
2012-07-05,31687
2012-07-06,16330
2012-07-07,12480
2012-07-08,12133
2012-07-09,19658
2012-07-10,22695
2012-07-11,22996
2012-07-12,21282
2012-07-13,20469
2012-07-14,19088
2012-07-15,17214
2012-07-16,27927
2012-07-17,12965
2012-07-18,10142
2012-07-19,6958
2012-07-20,5649
2012-07-21,8372
2012-07-22,7882
2012-07-23,13513
2012-07-24,15226
2012-07-25,14929
2012-07-26,14893
2012-07-27,11675
2012-07-28,9676
2012-07-29,8419
2012-07-30,12628
2012-07-31,13080
2012-08-01,13295
2012-08-02,12798
2012-08-03,16201
2012-08-04,18779
2012-08-05,17182
2012-08-06,19793
2012-08-07,18544
2012-08-08,18304
2012-08-09,19004
2012-08-10,18649
2012-08-11,18847
2012-08-12,13884
2012-08-13,11403
2012-08-14,13135
2012-08-15,10847
2012-08-16,11147
2012-08-17,11234
2012-08-18,10323
2012-08-19,9023
2012-08-20,10420
2012-08-21,10728
2012-08-22,10615
2012-08-23,10573
2012-08-24,10162
2012-08-25,9345
2012-08-26,8787
2012-08-27,11309
2012-08-28,12444
2012-08-29,10522
2012-08-30,10694
2012-08-31,15984
2012-09-01,14679
2012-09-02,13022
2012-09-03,11699
2012-09-04,15149
2012-09-05,10722
2012-09-06,21287
2012-09-07,29677
2012-09-08,14318
2012-09-09,24833
2012-09-10,69979
2012-09-11,87664
2012-09-12,75470
2012-09-13,90303
2012-09-14,95878
2012-09-15,93345
2012-09-16,75013
2012-09-17,71969
2012-09-18,76743
2012-09-19,80633
2012-09-20,86323
2012-09-21,93142
2012-09-22,85107
2012-09-23,79715
2012-09-24,82096
2012-09-25,80860
2012-09-26,76685
2012-09-27,74646
2012-09-28,20477
2012-09-29,47016
2012-09-30,39415
2012-10-01,40292
2012-10-02,40149
2012-10-03,43698
2012-10-04,44094
2012-10-05,46387
2012-10-06,42613
2012-10-07,37136
2012-10-08,32196
2012-10-09,36981
2012-10-10,29040
2012-10-11,34275
2012-10-12,37310
2012-10-13,31270
2012-10-14,29994
2012-10-15,35827
2012-10-16,39603
2012-10-17,39723
2012-10-18,38559
2012-10-19,41294
2012-10-20,35060
2012-10-21,29174
2012-10-22,41889
2012-10-23,24706
2012-10-24,25314
2012-10-25,27116
2012-10-26,27498
2012-10-27,57702
2012-10-28,53242
2012-10-29,13464
2012-10-30,10699
2012-10-31,8457
2012-11-01,7886
2012-11-02,10571
2012-11-03,8080
2012-11-04,8306
2012-11-05,12320
2012-11-06,11208
2012-11-07,9590
2012-11-08,13231
2012-11-09,28773
2012-11-10,22958
2012-11-11,26600
2012-11-12,29221
2012-11-13,30105
2012-11-14,31128
2012-11-15,32153
2012-11-16,114744
2012-11-17,142600
2012-11-18,136678
2012-11-19,147672
2012-11-20,157186
2012-11-21,157660
2012-11-22,133313
2012-11-23,137439
2012-11-24,135002
2012-11-25,138508
2012-11-26,64617
2012-11-27,31341
2012-11-28,33957
2012-11-29,37041
2012-11-30,30207
2012-12-01,21622
2012-12-02,20124
2012-12-03,13645
2012-12-04,10398
2012-12-05,10571
2012-12-06,10322
2012-12-07,27187
2012-12-08,31116
2012-12-09,26496
2012-12-10,28321
2012-12-11,31317
2012-12-12,11585
2012-12-13,12356
2012-12-14,10993
2012-12-15,8105
2012-12-16,5249
2012-12-17,6980
2012-12-18,6663
2012-12-19,6859
2012-12-20,7178
2012-12-21,42885
2012-12-22,40685
2012-12-23,34844
2012-12-24,40421
2012-12-25,27678
2012-12-26,25503
2012-12-27,25747
2012-12-28,23592
2012-12-29,13515
2012-12-30,18474
2012-12-31,28882
2013-01-01,18312
2013-01-02,26089
2013-01-03,24023
2013-01-04,12183
2013-01-05,4899
2013-01-06,3640
2013-01-07,6617
2013-01-08,7142
2013-01-09,6749
2013-01-10,6933
2013-01-11,7207
2013-01-12,10737
2013-01-13,7456
2013-01-14,12111
2013-01-15,12433
2013-01-16,11923
2013-01-17,12576
2013-01-18,13743
2013-01-19,9268
2013-01-20,8448
2013-01-21,65830
2013-01-22,13446
2013-01-23,10147
2013-01-24,10692
2013-01-25,11317
2013-01-26,11104
2013-01-27,12223
2013-01-28,6704
2013-01-29,25461
2013-01-30,25640
2013-01-31,17089
2013-02-01,16510
2013-02-02,12845
2013-02-03,10215
2013-02-04,14061
2013-02-05,14553
2013-02-06,13405
2013-02-07,13357
2013-02-08,102467
2013-02-09,27229
2013-02-10,8760
2013-02-11,20172
2013-02-12,20897
2013-02-13,35052
2013-02-14,37378
2013-02-15,32918
2013-02-16,17830
2013-02-17,14050
2013-02-18,14172
2013-02-19,16972
2013-02-20,12050
2013-02-21,10921
2013-02-22,21146
2013-02-23,25077
2013-02-24,23677
2013-02-25,21784
2013-02-26,22544
2013-02-27,22882
2013-02-28,24075
2013-03-01,25552
2013-03-02,22016
2013-03-03,19947
2013-03-04,21594
2013-03-05,22145
2013-03-06,22446
2013-03-07,21981
2013-03-08,21628
2013-03-09,28785
2013-03-10,25803
2013-03-11,32643
2013-03-12,36362
2013-03-13,41960
2013-03-14,36590
2013-03-15,35228
2013-03-16,38384
2013-03-17,29291
2013-03-18,38994
2013-03-19,33903
2013-03-20,40866
2013-03-21,41827
2013-03-22,43373
2013-03-23,41537
2013-03-24,37466
2013-03-25,40949
2013-03-26,21337
2013-03-27,16394
2013-03-28,16534
2013-03-29,22712
2013-03-30,23342
2013-03-31,20138
2013-04-01,14769
2013-04-02,21357
2013-04-03,7380
2013-04-04,45512
2013-04-05,52013
2013-04-06,40662
2013-04-07,32776
2013-04-08,48375
2013-04-09,50316
2013-04-10,49683
2013-04-11,49689
2013-04-12,38826
2013-04-13,25397
2013-04-14,20949
2013-04-15,31319
2013-04-16,46747
2013-04-17,49530
2013-04-18,50195
2013-04-19,76233
2013-04-20,35542
2013-04-21,30892
2013-04-22,36517
2013-04-23,36363
2013-04-24,38505
2013-04-25,39143
2013-04-26,40856
2013-04-27,33191
2013-04-28,31460
2013-04-29,37443
2013-04-30,38740
2013-05-01,40101
2013-05-02,40090
2013-05-03,41279
2013-05-04,24336
2013-05-05,17694
2013-05-06,47789
2013-05-07,54234
2013-05-08,52723
2013-05-09,54541
2013-05-10,55914
2013-05-11,52108
2013-05-12,48779
2013-05-13,40008
2013-05-14,41259
2013-05-15,41221
2013-05-16,43277
2013-05-17,96115
2013-05-18,94173
2013-05-19,28989
2013-05-20,32668
2013-05-21,66701
2013-05-22,94445
2013-05-23,96696
2013-05-24,185412
2013-05-25,187551
2013-05-26,167997
2013-05-27,162626
2013-05-28,200392
2013-05-29,214364
2013-05-30,220997
2013-05-31,227914
2013-06-01,211915
2013-06-02,184935
2013-06-03,32487
2013-06-04,12380
2013-06-05,13059
2013-06-06,34166
2013-06-07,26909
2013-06-08,32019
2013-06-09,33999
2013-06-10,30928
2013-06-11,21948
2013-06-12,27722
2013-06-13,29573
2013-06-14,34546
2013-06-15,33284
2013-06-16,28276
2013-06-17,33341
2013-06-18,33631
2013-06-19,26917
2013-06-20,33481
2013-06-21,37630
2013-06-22,32100
2013-06-23,27927
2013-06-24,31081
2013-06-25,66120
2013-06-26,86775
2013-06-27,91070
2013-06-28,89050
2013-06-29,43372
2013-06-30,33705
2013-07-01,41292
2013-07-02,42603
2013-07-03,41488
2013-07-04,28496
2013-07-05,35176
2013-07-06,31897
2013-07-07,30936
2013-07-08,42882
2013-07-09,41267
2013-07-10,44494
2013-07-11,43559
2013-07-12,43067
2013-07-13,36191
2013-07-14,36401
2013-07-15,29033
2013-07-16,32142
2013-07-17,36509
2013-07-18,36833
2013-07-19,32853
2013-07-20,31648
2013-07-21,32154
2013-07-22,41228
2013-07-23,41767
2013-07-24,25875
2013-07-25,37021
2013-07-26,39741
2013-07-27,35621
2013-07-28,30333
2013-07-29,38930
2013-07-30,40825
2013-07-31,41571
2013-08-01,42487
2013-08-02,36517
2013-08-03,53812
2013-08-04,60537
2013-08-05,73568
2013-08-06,82002
2013-08-07,41049
2013-08-08,9177
2013-08-09,39364
2013-08-10,45151
2013-08-11,42498
2013-08-12,41168
2013-08-13,35606
2013-08-14,40270
2013-08-15,35295
2013-08-16,26163
2013-08-17,36045
2013-08-18,33555
2013-08-19,31264
2013-08-20,29942
2013-08-21,30863
2013-08-22,32192
2013-08-23,35362
2013-08-24,37299
2013-08-25,33728
2013-08-26,32173
2013-08-27,4414
2013-09-06,3407
2013-09-07,71094
2013-09-08,77773
2013-09-09,87195
2013-09-10,79574
2013-09-11,61484
2013-09-12,50368
2013-09-13,51756
2013-09-14,53164
2013-09-15,51970
2013-09-16,52873
2013-09-17,52031
2013-09-18,50688
2013-09-19,54602
2013-09-20,58453
2013-09-21,61275
2013-09-22,53533
2013-09-23,55570
2013-09-24,47439
2013-09-25,67301
2013-09-26,75022
2013-09-27,78056
2013-09-28,78981
2013-09-29,51734
2013-09-30,55204
2013-10-01,55817
2013-10-02,56376
2013-10-03,90899
2013-10-04,207143
2013-10-05,200423
2013-10-06,158440
2013-10-07,181469
2013-10-08,188365
2013-10-09,191664
2013-10-10,191249
2013-10-11,193792
2013-10-12,99772
2013-10-13,86681
2013-10-14,167843
2013-10-15,183030
2013-10-16,11053
2013-10-17,13393
2013-10-18,13979
2013-10-19,11787
2013-10-20,9885
2013-10-21,12683
2013-10-22,15872
2013-10-23,20875
2013-10-24,21601
2013-10-25,19860
2013-10-26,14786
2013-10-27,11665
2013-10-28,30321
2013-10-29,37050
2013-10-30,37731
2013-10-31,36663
2013-11-01,37435
2013-11-02,28066
2013-11-03,20227
2013-11-04,32075
2013-11-05,20645
2013-11-06,41646
2013-11-07,36263
2013-11-08,27925
2013-11-09,22124
2013-11-10,18219
2013-11-11,14347
2013-11-12,27468
2013-11-13,62290
2013-11-14,74086
2013-11-15,65373
2013-11-16,46985
2013-11-17,42156
2013-11-18,34083
2013-11-19,25358
2013-11-20,25605
2013-11-21,26559
2013-11-22,27953
2013-11-23,25402
2013-11-24,25346
2013-11-25,28459
2013-11-26,38384
2013-11-27,38389
2013-11-28,36867
2013-11-29,22341
2013-11-30,14128
2013-12-01,13217
2013-12-02,15051
2013-12-03,4434
2013-12-04,2577
2013-12-05,38722
2013-12-06,54242
2013-12-07,76562
2013-12-08,68515
2013-12-09,77177
2013-12-10,71074
2013-12-11,55878
2013-12-12,73459
2013-12-13,85057
2013-12-14,45566
2013-12-15,9624
2013-12-16,39491
2013-12-17,19529
2013-12-18,37448
2013-12-19,63578
2013-12-20,77144
2013-12-21,71171
2013-12-22,61686
2013-12-23,1749
2014-01-09,4938
2014-01-10,31169
2014-01-11,35108
2014-01-12,32711
2014-01-13,39539
2014-01-14,41010
2014-01-15,33227
2014-01-16,33545
2014-01-17,30494
2014-01-18,22639
2014-01-19,16008
2014-01-20,18724
2014-01-21,11567
2014-01-22,562
2014-01-23,5
2014-01-24,13460
2014-01-25,11689
2014-01-26,7238
2014-01-27,17243
2014-01-28,18257
2014-01-29,18675
2014-01-30,20600
2014-01-31,21184
2014-02-01,17872
2014-02-02,16913
2014-02-03,3739
2014-02-04,3
2014-02-05,12
2014-02-06,7439
2014-02-07,16683
2014-02-08,18698
2014-02-09,14731
2014-02-10,16256
2014-02-11,12899
2014-02-12,15601
2014-02-13,274
2014-02-14,5
2014-02-15,1
2014-02-16,1
2014-02-17,15
2014-02-18,1
2014-02-19,1
2014-02-20,14360
2014-02-21,21869
2014-02-22,23696
2014-02-23,20686
2014-02-24,21942
2014-02-25,30063
2014-02-26,23185
2014-02-27,20147
2014-02-28,21183
2014-03-01,19601
2014-03-02,15693
2014-03-03,18490
2014-03-04,66731
2014-03-05,82596
2014-03-06,72120
2014-03-07,36797
2014-03-08,17514
2014-03-09,12378
2014-03-10,20552
2014-03-11,27476
2014-03-12,26723
2014-03-13,24812
2014-03-14,26159
2014-03-15,33447
2014-03-16,23923
2014-03-17,27352
2014-03-18,29735
2014-03-19,28247
2014-03-20,30426
2014-03-21,33280
2014-03-22,31144
2014-03-23,23990
2014-03-24,28729
2014-03-25,23053
2014-03-26,26150
2014-03-27,29820
2014-03-28,31665
2014-03-29,12281
2014-03-30,3854
2014-03-31,35163
2014-04-01,37719
2014-04-02,39331
2014-04-03,45344
2014-04-04,45222
2014-04-05,50042
2014-04-06,46173
2014-04-07,37895
2014-04-08,41013
2014-04-09,43050
2014-04-10,44794
2014-04-11,49756
2014-04-12,54486
2014-04-13,45187
2014-04-14,35072
2014-04-15,25253
2014-04-16,39576
2014-04-17,39106
2014-04-18,37406
2014-04-19,35289
2014-04-20,32660
2014-04-21,35136
2014-04-22,35324
2014-04-23,40272
2014-04-24,34187
2014-04-25,41206
2014-04-26,34997
2014-04-27,32241
2014-04-28,43209
2014-04-29,41168
2014-04-30,33925
2014-05-01,33410
2014-05-02,39763
2014-05-03,30428
2014-05-04,19368
2014-05-05,42403
2014-05-06,43743
2014-05-07,44148
2014-05-08,42580
2014-05-09,47128
2014-05-10,46771
2014-05-11,43935
2014-05-12,37567
2014-05-13,35250
2014-05-14,35300
2014-05-15,35621
2014-05-16,36713
2014-05-17,38653
2014-05-18,37699
2014-05-19,41231
2014-05-20,34189
2014-05-21,29438
2014-05-22,29097
2014-05-23,27775
2014-05-24,18775
2014-05-25,23050
2014-05-26,82270
2014-05-27,18559
2014-05-28,16274
2014-05-29,40967
2014-05-30,49961
2014-05-31,30355
2014-06-01,20643
2014-06-02,24635
2014-06-03,25231
2014-06-04,23658
2014-06-05,20601
2014-06-06,22787
2014-06-07,22626
2014-06-08,17921
2014-06-09,33958
2014-06-10,45112
2014-06-11,50671
2014-06-12,49389
2014-06-13,50680
2014-06-14,16923
2014-06-15,10519
2014-06-16,15044
2014-06-17,15452
2014-06-18,15656
2014-06-19,17296
2014-06-20,19360
2014-06-21,16755
2014-06-22,13548
2014-06-23,18568
2014-06-24,18190
2014-06-25,18950
2014-06-26,19097
2014-06-27,14632
2014-06-28,11408
2014-06-29,10228
2014-06-30,14449
2014-07-01,11194
2014-07-02,21431
2014-07-03,45677
2014-07-04,34318
2014-07-05,23742
2014-07-06,21886
2014-07-07,23088
2014-07-08,49369
2014-07-09,55072
2014-07-10,55945
2014-07-11,68197
2014-07-12,64819
2014-07-13,50418
2014-07-14,34652
2014-07-15,34954
2014-07-16,35051
2014-07-17,37279
2014-07-18,38629
2014-07-19,30556
2014-07-20,24039
2014-07-21,57106
2014-07-22,54022
2014-07-23,44840
2014-07-24,31001
2014-07-25,28029
2014-07-26,22245
2014-07-27,21975
2014-07-28,21698
2014-07-29,24053
2014-07-30,25664
2014-07-31,26621
2014-08-01,26485
2014-08-02,15041
2014-08-03,13504
2014-08-04,22017
2014-08-05,23587
2014-08-06,38632
2014-08-07,39048
2014-08-08,42264
2014-08-09,40437
2014-08-10,39302
2014-08-11,40943
2014-08-12,38914
2014-08-13,30650
2014-08-14,23020
2014-08-15,50771
2014-08-16,37241
2014-08-17,33180
2014-08-18,35314
2014-08-19,34276
2014-08-20,11557
2014-08-21,5591
2014-08-22,5321
2014-08-23,4627
2014-08-24,3751
2014-08-25,5254
2014-08-26,18087
2014-08-27,19679
2014-08-28,24408
2014-08-29,7318
2014-08-30,2736
2014-08-31,2294
2014-09-01,2132
2014-09-02,2614
2014-09-03,14245
2014-09-04,16895
2014-09-05,67086
2014-09-06,96386
2014-09-07,97259
2014-09-08,82399
2014-09-09,67749
2014-09-10,69532
2014-09-11,70503
2014-09-12,75216
2014-09-13,84783
2014-09-14,72123
2014-09-15,89997
2014-09-16,75422
2014-09-17,77551
2014-09-18,78823
2014-09-19,83309
2014-09-20,73811
2014-09-21,60713
2014-09-22,20293
2014-09-23,20184
2014-09-24,20086
2014-09-25,18377
2014-09-26,20133
2014-09-27,86589
2014-09-28,77238
2014-09-29,88620
2014-09-30,88018
2014-10-01,89277
2014-10-02,89583
2014-10-03,90910
2014-10-04,141965
2014-10-05,140349
2014-10-06,118177
2014-10-07,111314
2014-10-08,120541
2014-10-09,107638
2014-10-10,114401
2014-10-11,120873
2014-10-12,102829
2014-10-13,70507
2014-10-14,37382
2014-10-15,32629
2014-10-16,30815
2014-10-17,32706
2014-10-18,21338
2014-10-19,20404
2014-10-20,27415
2014-10-21,27028
2014-10-22,25025
2014-10-23,24511
2014-10-24,37709
2014-10-25,27054
2014-10-26,22665
2014-10-27,18456
2014-10-28,21559
2014-10-29,21297
2014-10-30,21818
2014-10-31,24973
2014-11-01,63512
2014-11-02,56825
2014-11-03,100644
2014-11-04,98515
2014-11-05,106671
2014-11-06,103892
2014-11-07,110273
2014-11-08,174755
2014-11-09,301340
2014-11-10,324424
2014-11-11,321703
2014-11-12,320242
2014-11-13,323729
2014-11-14,318449
2014-11-15,322090
2014-11-16,298024
2014-11-17,97628
2014-11-18,95732
2014-11-19,92089
2014-11-20,109398
2014-11-21,107362
2014-11-22,90933
2014-11-23,82963
2014-11-24,210447
2014-11-25,15577
2014-11-26,15003
2014-11-27,11338
2014-11-28,12814
2014-11-29,12680
2014-11-30,11732
2014-12-01,21600
2014-12-02,23134
2014-12-03,22678
2014-12-04,24125
2014-12-05,24036
2014-12-06,19760
2014-12-07,20263
2014-12-08,21309
2014-12-09,20446
2014-12-10,29150
2014-12-11,31564
2014-12-12,33119
2014-12-13,32072
2014-12-14,28608
2014-12-15,31149
2014-12-16,30675
2014-12-17,23183
2014-12-18,28566
2014-12-19,26230
2014-12-20,28102
2014-12-21,25138
2015-01-04,42555
2015-01-05,45089
2015-01-06,36516
2015-01-07,37461
2015-01-08,37617
2015-01-09,38075
2015-01-10,24263
2015-01-11,19052
2015-01-12,30734
2015-01-13,43120
2015-01-14,43903
2015-01-15,44910
2015-01-16,44866
2015-01-17,54992
2015-01-18,25160
2015-01-19,27635
2015-01-20,38261
2015-01-21,40566
2015-01-22,41581
2015-01-23,44152
2015-01-24,11449
2015-01-25,10702
2015-01-26,3459
2015-02-06,1009
2015-02-07,50537
2015-02-08,48179
2015-02-09,55630
2015-02-10,42453
2015-02-11,42260
2015-02-12,42500
2015-02-13,38291
2015-02-14,35866
2015-02-15,32547
2015-02-16,14671
2015-02-17,3123
2015-02-18,12746
2015-02-19,30205
2015-02-20,31276
2015-02-21,26435
2015-02-22,21988
2015-02-23,29842
2015-02-24,31550
2015-02-25,31391
2015-02-26,31962
2015-02-27,33491
2015-02-28,28962
2015-03-01,19446
2015-03-02,21424
2015-03-03,22627
2015-03-04,19281
2015-03-05,3318
2015-03-06,14609
2015-03-07,32024
2015-03-08,43999
2015-03-09,65095
2015-03-10,69074
2015-03-11,69774
2015-03-12,72732
2015-03-13,71174
2015-03-14,27412
2015-03-15,15478
2015-03-16,20558
2015-03-17,20363
2015-03-18,20761
2015-03-19,22019
2015-03-20,20579
2015-03-21,18721
2015-03-22,16484
2015-03-23,20691
2015-03-24,20333
2015-03-25,19984
2015-03-26,20796
2015-03-27,20308
2015-03-28,19449
2015-03-29,15768
2015-03-30,37803
2015-03-31,68045
2015-04-01,86208
2015-04-02,87478
2015-04-03,87041
2015-04-04,80123
2015-04-05,73611
2015-04-06,80198
2015-04-07,76661
2015-04-08,67908
2015-04-09,79599
2015-04-10,82895
2015-04-11,83919
2015-04-12,75574
2015-04-13,81700
2015-04-14,82538
2015-04-15,68802
2015-04-16,52039
2015-04-17,40190
2015-04-18,28021
2015-04-19,27505
2015-04-20,38933
2015-04-21,44710
2015-04-22,43466
2015-04-23,44839
2015-04-24,45733
2015-04-25,34487
2015-04-26,32995
2015-04-27,43519
2015-04-28,42429
2015-04-29,40325
2015-04-30,44195
2015-05-01,36342
2015-05-02,46967
2015-05-03,43403
2015-05-04,54612
2015-05-05,55582
2015-05-06,55170
2015-05-07,61125
2015-05-08,58813
2015-05-09,127573
2015-05-10,131681
2015-05-11,141131
2015-05-12,135262
2015-05-13,137811
2015-05-14,129794
2015-05-15,150134
2015-05-16,117327
2015-05-17,112183
2015-05-18,138540
2015-05-19,124057
2015-05-20,171003
2015-05-21,205790
2015-05-22,216460
2015-05-23,202393
2015-05-24,188056
2015-05-25,173801
2015-05-26,201368
2015-05-27,129654
2015-05-28,61723
2015-05-29,35343
2015-05-30,29318
2015-05-31,26224
2015-06-01,34421
2015-06-02,35475
2015-06-03,36139
2015-06-04,35239
2015-06-05,36384
2015-06-06,28859
2015-06-07,21284
2015-06-08,25093
2015-06-09,26195
2015-06-10,27821
2015-06-11,27724
2015-06-12,28641
2015-06-13,25528
2015-06-14,35322
2015-06-15,117388
2015-06-16,141803
2015-06-17,121143
2015-06-18,53378
2015-06-19,41182
2015-06-20,29141
2015-06-21,22410
2015-06-22,28113
2015-06-23,28791
2015-06-24,28938
2015-06-25,29312
2015-06-26,30605
2015-06-27,25246
2015-06-28,20661
2015-06-29,768
2015-06-30,2180
2015-07-01,839
2015-07-06,7953
2015-07-07,9094
2015-07-08,9379
2015-07-09,9437
2015-07-10,11845
2015-07-11,13600
2015-07-12,11970
2015-07-13,13138
2015-07-14,11620
2015-07-15,11582
2015-07-16,13301
2015-07-17,13413
2015-07-18,13453
2015-07-19,15289
2015-07-20,12904
2015-07-21,34569
2015-07-22,15068
2015-07-23,14193
2015-07-24,12101
2015-07-25,12076
2015-07-26,10447
2015-07-27,11463
2015-07-28,12091
2015-07-29,12691
2015-07-30,10569
2015-07-31,11057
2015-08-01,12232
2015-08-02,11081
2015-08-03,10219
2015-08-04,9727
2015-08-05,10205
2015-08-06,10258
2015-08-07,10698
2015-08-08,10916
2015-08-09,10342
2015-08-10,10017
2015-08-11,9604
2015-08-12,10068
2015-08-13,9996
2015-08-14,10368
2015-08-15,17229
2015-08-16,17981
2015-08-17,14505
2015-08-18,15340
2015-08-19,13769
2015-08-20,30427
2015-08-21,32502
2015-08-22,32093
2015-08-23,49518
2015-08-24,46354
2015-08-25,47031
2015-08-26,47309
2015-08-27,25315
2015-08-28,26508
2015-08-29,25342
2015-08-30,26298
2015-08-31,21997
2015-09-01,21453
2015-09-02,21968
2015-09-03,20823
2015-09-04,21709
2015-09-05,22816
2015-09-06,21568
2015-09-07,20122
2015-09-08,14955
2015-09-09,15876
2015-09-10,14759
2015-09-11,27617
2015-09-12,14496
2015-09-13,34911
2015-09-14,30247
2015-09-15,26418
2015-09-16,28196
2015-09-17,29313
2015-09-18,30656
2015-09-19,33548
2015-09-20,34211
2015-09-21,32834
2015-09-22,32797
2015-09-23,34433
2015-09-24,37438
2015-09-25,34275
2015-09-26,39191
2015-09-27,36884
2015-09-28,14912
2015-09-29,19983
2015-09-30,29052
2015-10-01,31317
2015-10-02,33628
2015-10-03,39375
2015-10-04,35808
2015-10-05,42993
2015-10-06,44399
2015-10-07,45406
2015-10-08,46416
2015-10-09,46980
2015-10-10,105289
2015-10-11,100758
2015-10-12,232470
2015-10-13,232211
2015-10-14,237441
2015-10-15,242412
2015-10-16,248033
2015-10-17,239761
2015-10-18,54497
2015-10-19,50984
2015-10-20,50705
2015-10-21,50768
2015-10-22,51072
2015-10-23,53668
2015-10-24,47505
2015-10-25,36154
2015-10-26,50401
2015-10-27,50038
2015-10-28,40483
2015-10-29,46984
2015-10-30,53494
2015-10-31,47049
2015-11-01,35824
2015-11-02,49626
2015-11-03,47649
2015-11-04,48002
2015-11-05,29897
2015-11-06,21371
2015-11-07,18118
2015-11-08,14864
2015-11-09,38673
2015-11-10,37409
2015-11-11,37903
2015-11-12,20133
2015-11-13,23957
2015-11-14,21795
2015-11-15,18887
2015-11-16,21542
2015-11-17,20721
2015-11-18,20159
2015-11-19,21620
2015-11-20,26536
2015-11-21,32589
2015-11-22,28412
2015-11-23,16589
2015-11-29,1131
2015-11-30,13199
2015-12-01,15382
2015-12-02,15391
2015-12-03,16147
2015-12-04,2997
2015-12-07,24668
2015-12-08,21692
2015-12-09,22219
2015-12-10,23837
2015-12-11,25019
2015-12-12,19926
2015-12-13,16923
2015-12-14,24456
2015-12-15,26851
2015-12-16,30424
2015-12-17,24888
2015-12-18,14291
2015-12-19,9313
2015-12-20,7174
2015-12-21,1057
2016-01-04,32087
2016-01-05,33827
2016-01-06,36508
2016-01-07,35449
2016-01-08,37139
2016-01-09,35907
2016-01-10,29314
2016-01-11,42911
2016-01-12,54047
2016-01-13,54295
2016-01-14,57349
2016-01-15,61613
2016-01-16,58407
2016-01-17,49739
2016-01-18,23549
2016-01-19,27753
2016-01-20,45147
2016-01-21,48119
2016-01-22,12272
2016-01-30,17897
2016-01-31,17426
2016-02-01,28091
2016-02-02,34511
2016-02-03,32850
2016-02-04,35366
2016-02-05,31686
2016-02-06,31227
2016-02-07,25087
2016-02-08,56283
2016-02-09,59538
2016-02-10,55770
2016-02-11,58436
2016-02-12,63778
2016-02-13,59580
2016-02-14,49592
2016-02-15,18510
2016-02-16,27374
2016-02-17,28566
2016-02-18,28664
2016-02-19,11261
2016-02-20,10401
2016-02-21,8426
2016-02-22,17676
2016-02-23,17324
2016-02-24,17902
2016-02-25,19576
2016-02-26,20601
2016-02-27,14393
2016-02-28,11728
2016-02-29,21120
2016-03-01,16325
2016-03-02,15706
2016-03-03,46354
2016-03-04,64795
2016-03-05,43490
2016-03-06,39161
2016-03-07,49341
2016-03-08,30433
2016-03-09,24307
2016-03-10,23756
2016-03-11,50782
2016-03-12,29282
2016-03-13,17333
2016-03-14,23909
2016-03-15,25779
2016-03-16,26333
2016-03-17,27003
2016-03-18,47812
2016-03-19,46680
2016-03-20,34032
2016-03-21,26580
2016-03-22,25970
2016-03-23,25230
2016-03-24,26511
2016-03-25,45509
2016-03-26,46085
2016-03-27,29124
2016-03-28,19320
2016-03-29,13479
2016-03-30,59532
2016-03-31,67294
2016-04-01,67698
2016-04-02,47073
2016-04-03,40010
2016-04-04,42336
2016-04-05,51275
2016-04-06,67185
2016-04-07,61076
2016-04-08,49338
2016-04-09,39736
2016-04-10,20554
2016-04-11,57289
2016-04-12,41969
2016-04-13,48963
2016-04-14,33800
2016-04-15,15784
2016-04-16,73266
2016-04-17,85718
2016-04-18,62199
2016-04-19,51728
2016-04-20,50240
2016-04-21,52871
2016-04-22,78572
2016-04-23,73006
2016-04-24,67002
2016-04-25,77625
2016-04-26,78222
2016-04-27,80492
2016-04-28,81151
2016-04-29,76230
2016-04-30,92707
2016-05-01,78367
2016-05-02,97451
2016-05-03,72444
2016-05-04,67541
2016-05-05,69147
2016-05-06,70627
2016-05-07,76126
2016-05-08,66938
2016-05-09,73907
2016-05-10,74317
2016-05-11,77738
2016-05-12,77513
2016-05-13,69427
2016-05-14,54152
2016-05-15,44978
2016-05-16,98345
2016-05-17,86708
2016-05-18,68903
2016-05-19,73386
2016-05-20,74488
2016-05-21,52512
2016-05-22,52856
2016-05-23,36569
2016-05-24,37259
2016-05-25,39969
2016-05-26,38981
2016-05-27,40788
2016-05-28,25138
2016-05-29,19630
2016-05-30,18807
2016-05-31,21241
2016-06-01,21420
2016-06-02,75224
2016-06-03,107844
2016-06-04,65981
2016-06-05,83489
2016-06-06,89140
2016-06-07,89238
2016-06-08,89241
2016-06-09,89963
2016-06-10,92022
2016-06-11,89849
2016-06-12,84504
2016-06-13,84335
2016-06-14,91307
2016-06-15,91705
2016-06-16,83516
2016-06-17,96602
2016-06-18,50497
2016-06-19,24714
2016-06-20,16308
2016-06-21,38315
2016-06-22,16748
2016-06-23,16660
2016-06-24,18057
2016-06-25,16391
2016-06-26,13022
2016-06-27,11707
2016-06-28,11539
2016-06-29,12232
2016-06-30,12567
2016-07-01,57921
2016-07-02,50000
2016-07-03,38183
2016-07-04,42897
2016-07-05,49421
2016-07-06,48622
2016-07-07,44396
2016-07-08,62438
2016-07-09,56710
2016-07-11,16827
2016-07-12,15748
2016-07-13,33493
2016-07-14,36016
2016-07-15,52491
2016-07-16,50865
2016-07-17,49682
2016-07-18,12757
2016-07-19,6983
2016-07-20,7237
2016-07-21,7458
2016-07-22,41965
2016-07-23,50872
2016-07-24,49863
2016-07-25,29041
2016-07-26,33239
2016-07-27,10051
2016-07-28,10096
2016-07-29,5750
2016-07-30,1880
2016-07-31,1327
2016-08-01,9022
2016-08-02,10978
2016-08-03,11130
2016-08-04,10591
2016-08-05,1699
2016-08-08,13960
2016-08-09,14588
2016-08-10,12349
2016-08-11,12467
2016-08-12,8371
2016-08-13,8294
2016-08-14,7795
2016-08-15,14537
2016-08-16,14705
2016-08-17,8232
2016-08-18,8278
2016-08-19,6342
2016-08-20,6386
2016-08-21,5453
2016-08-22,25188
2016-08-23,25087
2016-08-24,25063
2016-08-25,25962
2016-08-26,24742
2016-08-27,20979
2016-08-28,17647
2016-08-29,24325
2016-08-30,25623
2016-08-31,25637
2016-09-01,25914
2016-09-02,25754
2016-09-03,22414
2016-09-04,18279
2016-09-06,10172
2016-09-07,72851
2016-09-08,23387
2016-09-09,23106
2016-09-10,18849
2016-09-11,15405
2016-09-12,18418
2016-09-13,19839
2016-09-14,19482
2016-09-15,20471
2016-09-16,22151
2016-09-17,13535
2016-09-18,10378
2016-09-19,9060
2016-09-20,11032
2016-09-21,11075
2016-09-22,10552
2016-09-23,10085
2016-09-24,9512
2016-09-25,10272
2016-09-26,8823
2016-09-27,9750
2016-09-28,25934
2016-09-29,26227
2016-09-30,34640
2016-10-01,38270
2016-10-02,32794
2016-10-03,29496
2016-10-04,34799
2016-10-05,61506
2016-10-06,65316
2016-10-07,65730
2016-10-08,54380
2016-10-09,35912
2016-10-10,67268
2016-10-11,68307
2016-10-12,84747
2016-10-13,54182
2016-10-14,43446
2016-10-15,35126
2016-10-16,31779
2016-10-17,39990
2016-10-18,40797
2016-10-19,41498
2016-10-20,42574
2016-10-21,43338
2016-10-22,31311
2016-10-23,31136
2016-10-24,32344
2016-10-25,35327
2016-10-26,36727
2016-10-27,34379
2016-10-28,48503
2016-10-29,101067
2016-10-30,98274
2016-10-31,114571
2016-11-01,108319
2016-11-02,111467
2016-11-03,114264
2016-11-04,109710
2016-11-05,121689
2016-11-06,95461
2016-11-07,119506
2016-11-08,19057
2016-11-09,17381
2016-11-10,17819
2016-11-11,17839
2016-11-12,18798
2016-11-13,14901
2016-11-14,21235
2016-11-15,20048
2016-11-16,21494
2016-11-17,21362
2016-11-18,22732
2016-11-19,23351
2016-11-20,13719
2016-11-21,16966
2016-11-22,16711
2016-11-23,18609
2016-11-24,12667
2016-11-25,13590
2016-11-26,24118
2016-11-27,21219
2016-11-28,23962
2016-11-29,25741
2016-11-30,26206
2016-12-01,26646
2016-12-02,20611
2016-12-03,13871
2016-12-04,24480
2016-12-05,34046
2016-12-06,34604
2016-12-07,34665
2016-12-08,37623
2016-12-09,37939
2016-12-10,29719
2016-12-11,14805
2016-12-12,11947
2016-12-13,9173
2016-12-14,10012
2016-12-15,10003
2016-12-16,1533
2016-12-19,9117
2016-12-20,10243
2016-12-21,10337
2016-12-22,10525
2016-12-23,4303
2017-01-04,4074
2017-01-05,2629
2017-01-06,3252
2017-01-07,706
2017-01-08,0
2017-01-09,9724
2017-01-10,13955
2017-01-11,14998
2017-01-12,25654
2017-01-13,20696
2017-01-14,11849
2017-01-15,9396
2017-01-16,10346
2017-01-17,11692
2017-01-18,27218
2017-01-19,27042
2017-01-20,28968
2017-01-21,27412
2017-01-22,39353
2017-01-23,42970
2017-01-24,45092
2017-01-25,43763
2017-01-26,47282
2017-01-27,25205
2017-01-28,20021
2017-01-29,17158
2017-01-30,21373
2017-01-31,22180
2017-02-01,23411
2017-02-02,20192
2017-02-03,21403
2017-02-04,17784
2017-02-05,12392
2017-02-06,34793
2017-02-07,32689
2017-02-08,30464
2017-02-09,30421
2017-02-10,32140
2017-02-11,27026
2017-02-12,19967
2017-02-13,16733
2017-02-14,16468
2017-02-15,16610
2017-02-16,17862
2017-02-17,18585
2017-02-18,16867
2017-02-19,15433
2017-02-20,4995
2017-02-21,11348
2017-02-22,12073
2017-02-23,10542
2017-02-24,7262
2017-02-25,6255
2017-02-26,6893
2017-02-27,49553
2017-02-28,51144
2017-03-01,53861
2017-03-02,53499
2017-03-03,53853
2017-03-04,49217
2017-03-05,44888
2017-03-06,16964
2017-03-07,5479
2017-03-08,5730
2017-03-09,6012
2017-03-10,5901
2017-03-11,4878
2017-03-12,3941
2017-03-13,5577
2017-03-18,11958
2017-03-19,10606
2017-03-20,11665
2017-03-21,11317
2017-03-22,11953
2017-03-23,15887
2017-03-24,17294
2017-03-25,44631
2017-03-26,37355
2017-03-27,45478
2017-03-28,49141
2017-03-29,37745
2017-03-30,48865
2017-03-31,53996
2017-04-01,49626
2017-04-02,38803
2017-04-03,40797
2017-04-04,38792
2017-04-05,41587
2017-04-06,39457
2017-04-07,45631
2017-04-08,43619
2017-04-09,43901
2017-04-10,48802
2017-04-11,22723
2017-04-12,42784
2017-04-13,47751
2017-04-14,50718
2017-04-15,50218
2017-04-16,52163
2017-04-17,42741
2017-04-18,43903
2017-04-19,45652
2017-04-20,36379
2017-04-21,40619
2017-04-22,46504
2017-04-23,47488
2017-04-24,43362
2017-04-25,40626
2017-04-26,42597
2017-04-27,47405
2017-04-28,35270
2017-04-29,56340
2017-04-30,49263
2017-05-01,55702
2017-05-02,55473
2017-05-03,54806
2017-05-04,55719
2017-05-05,47835
2017-05-06,52384
2017-05-07,47607
2017-05-08,35334
2017-05-09,35699
2017-05-10,35785
2017-05-11,36880
2017-05-12,36525
2017-05-13,29341
2017-05-14,34256
2017-05-15,36136
2017-05-16,36063
2017-05-17,37155
2017-05-18,38165
2017-05-19,168712
2017-05-20,174953
2017-05-21,162897
2017-05-22,143833
2017-05-23,130842
2017-05-24,133016
2017-05-25,127542
2017-05-26,160965
2017-05-27,152424
2017-05-28,134464
2017-05-29,95464
2017-05-30,142636
2017-05-31,135557
2017-06-01,136313
2017-06-02,113457
2017-06-03,59911
2017-06-04,30495
2017-06-05,35684
2017-06-06,33844
2017-06-07,34979
2017-06-08,40758
2017-06-09,38864
2017-06-10,28688
2017-06-11,47799
2017-06-12,56575
2017-06-13,52358
2017-06-14,45501
2017-06-15,57878
2017-06-16,58234
2017-06-17,43406
2017-06-18,45359
2017-06-19,51809
2017-06-20,53012
2017-06-21,30320
2017-06-22,18020
2017-06-23,17434
2017-06-24,15665
2017-06-25,13362
2017-06-26,15364
2017-06-27,14542
2017-06-28,39301
2017-06-29,56495
2017-06-30,44532
2017-07-01,36539
2017-07-02,31090
2017-07-05,18426
2017-07-06,31709
2017-07-07,54100
2017-07-08,50651
2017-07-09,48704
2017-07-10,59138
2017-07-11,60304
2017-07-12,61915
2017-07-13,62203
2017-07-14,24019
2017-07-15,24681
2017-07-16,21389
2017-07-17,20355
2017-07-18,20432
2017-07-19,20227
2017-07-20,20983
2017-07-21,2420
2017-07-24,2778
2017-07-25,6249
2017-07-26,6654
2017-07-27,6764
2017-07-28,1159
2017-07-31,88556
2017-08-01,96167
2017-08-02,95420
2017-08-03,87595
2017-08-04,88946
2017-08-05,94459
2017-08-06,97400
2017-08-07,40235
2017-08-08,41542
2017-08-09,41719
2017-08-10,42552
2017-08-11,42903
2017-08-12,38575
2017-08-13,38563
2017-08-14,19892
2017-08-15,17763
2017-08-16,22404
2017-08-17,22523
2017-08-18,7131
2017-08-19,5955
2017-08-20,4435
2017-08-21,10772
2017-08-22,11465
2017-08-23,10792
2017-08-24,11698
2017-08-25,7724
2017-08-28,7712
2017-08-29,9958
2017-08-30,10013
2017-08-31,10586
2017-09-01,1608
2017-09-05,19586
2017-09-06,19702
2017-09-07,20346
2017-09-08,21312
2017-09-09,61917
2017-09-10,51678
2017-09-11,65190
2017-09-12,66235
2017-09-13,67497
2017-09-14,66920
2017-09-15,71105
2017-09-16,62254
2017-09-17,51750
2017-09-18,87928
2017-09-19,91867
2017-09-20,103061
2017-09-21,108881
2017-09-22,115378
2017-09-23,39375
2017-09-24,37408
2017-09-25,40097
2017-09-26,40159
2017-09-27,40360
2017-09-28,40747
2017-09-29,41498
2017-09-30,39659
2017-10-01,37214
2017-10-02,33895
2017-10-03,35029
2017-10-04,34825
2017-10-05,35514
2017-10-06,36004
2017-10-07,27233
2017-10-08,22436
2017-10-09,23708
2017-10-10,34573
2017-10-11,45916
2017-10-12,60835
2017-10-13,65729
2017-10-14,49088
2017-10-15,50742
2017-10-16,46480
2017-10-17,63833
2017-10-18,80602
2017-10-19,83488
2017-10-20,85685
2017-10-21,86851
2017-10-22,75784
2017-10-23,82880
2017-10-24,81897
2017-10-25,85997
2017-10-26,87313
2017-10-27,92916
2017-10-28,84534
2017-10-29,66398
2017-10-30,72978
2017-10-31,58847
2017-11-01,40826
2017-11-02,42156
2017-11-03,43067
2017-11-04,35799
2017-11-05,28798
2017-11-06,39690
2017-11-07,36165
2017-11-08,39084
2017-11-09,41472
2017-11-10,38676
2017-11-11,26930
2017-11-12,23257
2017-11-13,31686
2017-11-14,32113
2017-11-15,32773
2017-11-16,34718
2017-11-17,35177
2017-11-18,28541
2017-11-19,23807
2017-11-20,40361
2017-11-21,29138
2017-11-22,30269
2017-11-23,3279
2017-11-24,5077
2017-11-25,8707
2017-11-26,7197
2017-11-27,40468
2017-11-28,44544
2017-11-29,39891
2017-11-30,50246
2017-12-01,49306
2017-12-02,44372
2017-12-03,44435
2017-12-04,28316
2017-12-05,13603
2017-12-06,14878
2017-12-07,15206
2017-12-08,15884
2017-12-09,12951
2017-12-10,12234
2017-12-11,40974
2017-12-12,33135
2017-12-13,30359
2017-12-14,33103
2017-12-15,47369
2017-12-16,44863
2017-12-17,43851
2017-12-18,17348
2017-12-19,14839
2017-12-20,16334
2017-12-21,17076
2017-12-22,26384
2018-01-16,8549
2018-01-17,26597
2018-01-18,28078
2018-01-19,28971
2018-01-20,28383
2018-01-21,23696
2018-01-22,26405
2018-01-23,27842
2018-01-24,19388
2018-01-25,19261
2018-01-26,21849
2018-01-27,17998
2018-01-28,22068
2018-01-29,49603
2018-01-30,36042
2018-01-31,5012
2018-02-01,5022
2018-02-02,25976
2018-02-03,23652
2018-02-04,22394
2018-02-05,25415
2018-02-06,25679
2018-02-07,23974
2018-02-08,25023
2018-02-09,26786
2018-02-10,25342
2018-02-11,21722
2018-02-12,19953
2018-02-13,17579
2018-02-14,19280
2018-02-15,20481
2018-02-16,7716
2018-02-17,3555
2018-02-18,5784
2018-02-19,7255
2018-02-26,10794
2018-02-27,20206
2018-02-28,13672
2018-03-01,14305
2018-03-02,12281
2018-03-03,9534
2018-03-04,5541
2018-03-05,11309
2018-03-06,20265
2018-03-07,12496
2018-03-08,10123
2018-03-09,18899
2018-03-10,11178
2018-03-11,8103
2018-03-12,19926
2018-03-13,17901
2018-03-14,15601
2018-03-15,16490
2018-03-16,24940
2018-03-17,45750
2018-03-18,38861
2018-03-19,53068
2018-03-20,53620
2018-03-21,20864
2018-03-22,12920
2018-03-23,17217
2018-03-24,45544
2018-03-25,40123
2018-03-26,52430
2018-03-27,54171
2018-03-28,60572
2018-03-29,63456
2018-03-30,50149
2018-03-31,42325
2018-04-01,20690
2018-04-02,27387
2018-04-03,27638
2018-04-04,28793
2018-04-05,27401
2018-04-06,27603
2018-04-07,57502
2018-04-08,65287
2018-04-09,15926
2018-04-10,23855
2018-04-11,38671
2018-04-12,25221
2018-04-13,13633
2018-04-14,11258
2018-04-15,8528
2018-04-16,11528
2018-04-17,12039
2018-04-18,12316
2018-04-19,12253
2018-04-20,12759
2018-04-21,9524
2018-04-22,9141
2018-04-23,10272
2018-04-24,11643
2018-04-25,11170
2018-04-26,12412
2018-04-27,11547
2018-04-28,9611
2018-04-29,8682
2018-04-30,11411
2018-05-01,17954
2018-05-02,15452
2018-05-03,18134
2018-05-04,20637
2018-05-05,17649
2018-05-06,14683
2018-05-07,25115
2018-05-08,25031
2018-05-09,25961
2018-05-10,25128
2018-05-11,48322
2018-05-12,44127
2018-05-13,37790
2018-05-14,44155
2018-05-15,45301
2018-05-16,41312
2018-05-17,46780
2018-05-18,25523
2018-05-19,11100
2018-05-20,10830
2018-05-21,48272
2018-05-22,37370
2018-05-23,36624
2018-05-24,37084
2018-05-25,36490
2018-05-26,28243
2018-05-27,22995
2018-05-28,23748
2018-05-29,41710
2018-05-30,35809
2018-05-31,47682
2018-06-01,52429
2018-06-02,66832
2018-06-03,58279
2018-06-04,50441
2018-06-05,50887
2018-06-06,51350
2018-06-07,52059
2018-06-08,55188
2018-06-09,46078
2018-06-10,35860
2018-06-11,47030
2018-06-12,49179
2018-06-13,47508
2018-06-14,51790
2018-06-15,53770
2018-06-16,91110
2018-06-17,90402
2018-06-18,90854
2018-06-19,97863
2018-06-20,101178
2018-06-21,101219
2018-06-22,161406
2018-06-23,168857
2018-06-24,160284
2018-06-25,7534
2018-06-26,19564
2018-06-27,18181
2018-06-28,18466
2018-06-29,3017
2018-07-16,14931
2018-07-17,7244
2018-07-18,12288
2018-07-19,12366
2018-07-20,11126
2018-07-21,11174
2018-07-22,10022
2018-07-23,4860
2018-07-24,4797
2018-07-25,4524
2018-07-26,5172
2018-07-27,3657
2018-07-28,3113
2018-07-29,3181
2018-07-30,3713
2018-07-31,10172
2018-08-01,12410
2018-08-02,12782
2018-08-03,11888
2018-08-04,10821
2018-08-05,9959
2018-08-06,11648
2018-08-07,13153
2018-08-08,12271
2018-08-09,10603
2018-08-10,4091
2018-08-20,9707
2018-08-21,10419
2018-08-22,9652
2018-08-23,5350
2018-08-24,299
2018-09-05,488
2018-09-06,445
2018-09-07,753
2018-09-08,26229
2018-09-09,24192
2018-09-10,27139
2018-09-11,42189
2018-09-12,60896
2018-09-13,67928
2018-09-14,72657
2018-09-15,70919
2018-09-16,59723
2018-09-17,64011
2018-09-18,63201
2018-09-19,60869
2018-09-20,68519
2018-09-21,71732
2018-09-22,66717
2018-09-23,54551
2018-09-24,60931
2018-09-25,43792
2018-09-26,34544
2018-09-27,39875
2018-09-28,43222
2018-09-29,29043
2018-09-30,21191
2018-10-01,87920
2018-10-02,99220
2018-10-03,94877
2018-10-04,68889
2018-10-05,94450
2018-10-06,102718
2018-10-07,93037
2018-10-08,89505
2018-10-09,98168
2018-10-10,103039
2018-10-11,98116
2018-10-12,88078
2018-10-13,180026
2018-10-14,173069
2018-10-15,152953
2018-10-16,161657
2018-10-17,156120
2018-10-18,153892
2018-10-19,202109
2018-10-20,172000
2018-10-21,171127
2018-10-22,157584
2018-10-23,164620
2018-10-24,151929
2018-10-25,157483
2018-10-26,168512
2018-10-27,59126
2018-10-28,51145
2018-10-29,51682
2018-10-30,54623
2018-10-31,35887
2018-11-01,43100
2018-11-02,85311
2018-11-03,101806
2018-11-04,49380
2018-11-05,51525
2018-11-06,52438
2018-11-07,56284
2018-11-08,54763
2018-11-09,44196
2018-11-10,36937
2018-11-11,35035
2018-11-12,39200
2018-11-13,41663
2018-11-14,43831
2018-11-15,19796
2018-11-16,27084
2018-11-17,38763
2018-11-18,32754
2018-11-19,48255
2018-11-20,41097
2018-11-21,7164
2018-12-05,3135
2018-12-06,3011
2018-12-07,2726
2018-12-08,2144
2018-12-09,1895
2018-12-10,2916
2018-12-11,3123
2018-12-17,19818
2018-12-18,25015
2018-12-19,25743
2018-12-20,27384
2018-12-21,40529
2018-12-22,34159
2018-12-23,27589
2018-12-24,26721
2019-01-03,41133
2019-01-04,37301
2019-01-05,29272
2019-01-06,25396
2019-01-07,35369
2019-01-08,34946
2019-01-09,35604
2019-01-10,44936
2019-01-11,39686
2019-01-12,29688
2019-01-13,26020
2019-01-14,31382
2019-01-15,31462
2019-01-16,32189
2019-01-17,27235
2019-01-18,31125
2019-01-19,23887
2019-01-20,20163
2019-01-21,38623
2019-01-22,50560
2019-01-23,50774
2019-01-24,52283
2019-01-25,35918
2019-01-26,20631
2019-01-27,16923
2019-01-28,21169
2019-01-29,21647
2019-01-30,20457
2019-01-31,20923
2019-02-01,27154
2019-02-02,33900
2019-02-03,32667
2019-02-04,54571
2019-02-05,59425
2019-02-06,59773
2019-02-07,66546
2019-02-08,66663
2019-02-09,51772
2019-02-10,48982
2019-02-11,52579
2019-02-12,35667
2019-02-13,30523
2019-02-14,40324
2019-02-15,43242
2019-02-16,29388
2019-02-17,23301
2019-02-18,14466
2019-02-19,0
2019-02-20,5604
2019-02-22,19043
2019-02-23,26656
2019-02-24,44799
2019-02-25,50627
2019-02-26,26286
2019-02-27,26634
2019-02-28,25533
2019-03-01,25959
2019-03-02,23322
2019-03-03,21643
2019-03-04,22753
2019-03-05,3071
2019-03-06,11241
2019-03-07,15723
2019-03-08,44338
2019-03-09,51217
2019-03-10,42101
2019-03-11,48332
2019-03-12,49122
2019-03-13,49298
2019-03-14,50565
2019-03-15,52180
2019-03-16,49888
2019-03-17,26784
2019-03-18,60629
2019-03-19,61007
2019-03-20,61128
2019-03-21,58492
2019-03-22,63546
2019-03-23,60122
2019-03-24,52277
2019-03-25,57974
2019-03-26,60293
2019-03-27,61948
2019-03-28,61766
2019-03-29,64376
2019-03-30,60551
2019-03-31,50361
2019-04-01,123202
2019-04-02,50609
2019-04-03,52260
2019-04-04,51086
2019-04-05,50061
2019-04-06,45730
2019-04-07,31192
2019-04-08,35995
2019-04-09,35129
2019-04-10,36893
2019-04-11,35786
2019-04-12,38930
2019-04-13,46281
2019-04-14,39787
2019-04-15,36159
2019-04-16,30710
2019-04-17,24667
2019-04-18,30029
2019-04-19,23613
2019-04-20,21920
2019-04-22,14476
2019-04-23,16674
2019-04-24,17181
2019-04-25,207372
2019-04-26,218101
2019-04-27,217256
2019-04-28,274550
2019-04-29,266619
2019-04-30,273682
2019-05-01,278574
2019-05-02,268929
2019-05-03,279078
2019-05-04,277741
2019-05-05,181350
2019-05-06,164653
2019-05-07,175030
2019-05-08,177697
2019-05-09,185692
2019-05-10,19429
2019-05-11,18896
2019-05-12,19780
2019-05-13,21715
2019-05-14,21625
2019-05-15,22690
2019-05-16,22817
2019-05-17,23806
2019-05-18,24550
2019-05-19,21054
2019-05-20,18757
2019-05-21,8673
2019-05-22,8816
2019-05-23,9494
2019-05-24,10001
2019-05-25,87380
2019-05-26,21434
2019-05-27,19496
2019-05-28,41034
2019-05-29,44183
2019-05-30,43835
2019-05-31,30523
2019-06-01,40001
2019-06-02,13483
2019-06-03,14830
2019-06-04,15145
2019-06-05,17416
2019-06-06,27641
2019-06-07,23017
2019-06-08,21291
2019-06-09,33103
2019-06-10,7608
2019-06-11,6277
2019-06-12,17993
2019-06-13,20910
2019-06-14,23046
2019-06-15,17604
2019-06-16,16221
2019-06-17,19527
2019-06-18,22085
2019-06-19,20084
2019-06-20,19512
2019-06-21,21658
2019-06-22,19110
2019-06-23,16930
2019-06-24,31280
2019-06-25,25970
2019-06-26,0
2019-06-27,0
2019-06-28,0
2019-06-29,0
2019-06-30,296782
2019-07-11,15964
2019-07-12,18618
2019-07-13,19793
2019-07-14,19358
2019-07-15,18390
2019-07-16,18372
2019-07-17,25385
2019-07-18,25365
2019-07-19,21256
2019-07-20,14296
2019-07-21,12548
2019-07-22,16600
2019-07-23,15799
2019-07-24,9521
2019-07-25,9758
2019-07-26,1647
2019-07-27,0
2019-07-28,0
2019-07-29,37327
2019-07-30,36927
2019-07-31,35149
2019-08-01,36535
2019-08-02,36461
2019-08-03,32134
2019-08-04,30143
2019-08-05,35147
2019-08-06,32534
2019-08-07,30952
2019-08-08,33538
2019-08-09,33339
2019-08-10,30515
2019-08-11,27945
2019-08-12,6374
2019-08-14,53590
2019-08-15,56161
2019-08-16,55624
2019-08-17,49597
2019-08-18,50774
2019-08-19,54715
2019-08-20,54541
2019-08-21,35101
2019-08-22,36263
2019-08-23,35707
2019-08-24,21936
2019-08-25,14178
2019-08-26,38980
2019-08-27,38719
2019-08-28,39293
2019-08-29,38186
2019-08-31,8127
2019-09-02,10623
2019-09-03,39316
2019-09-08,15242
2019-09-09,20645
2019-09-10,22511
2019-09-11,25410
2019-09-12,26078
2019-09-13,30705
2019-09-14,23426
2019-09-15,20771
2019-09-16,46854
2019-09-17,49078
2019-09-18,41031
2019-09-19,40620
2019-09-20,43669
2019-09-21,40186
2019-09-22,34036
2019-09-23,48186
2019-09-24,50499
2019-09-25,48172
2019-09-26,48718
2019-09-27,50174
2019-09-28,43120
2019-09-29,34517
2019-09-30,46126
2019-10-01,61320
2019-10-02,62019
2019-10-03,57017
2019-10-04,60729
2019-10-05,41814
2019-10-06,33419
2019-10-07,38500
2019-10-08,39607
2019-10-09,32322
2019-10-10,36593
2019-10-11,39984
2019-10-12,28588
2019-10-13,23640
2019-10-14,29620
2019-10-15,29731
2019-10-16,31346
2019-10-17,32809
2019-10-18,32597
2019-10-19,20832
2019-10-20,6455
2019-10-21,17753
2019-10-22,18905
2019-10-23,20284
2019-10-24,22170
2019-10-25,21062
2019-10-26,19818
2019-10-27,23448
2019-10-28,166722
2019-10-29,171147
2019-10-30,169160
2019-10-31,203287
2019-11-01,199338
2019-11-02,96348
2019-11-03,30471
2019-11-04,31717
2019-11-05,32412
2019-11-06,32578
2019-11-07,32728
2019-11-08,33734
2019-11-09,32916
2019-11-10,28540
2019-11-11,20393
2019-11-12,22454
2019-11-13,23018
2019-11-14,23681
2019-11-15,24237
2019-11-16,20829
2019-11-17,17826
2019-11-18,27548
2019-11-19,28543
2019-11-20,28381
2019-11-21,28103
2019-11-22,28634
2019-11-23,27788
2019-11-24,20935
2019-11-25,30473
2019-11-26,25281
2019-11-27,24031
2019-11-28,16645
2019-11-29,25565
2019-11-30,22060
2019-12-01,14403
2019-12-02,25946
2019-12-03,25130
2019-12-04,25652
2019-12-05,27357
2019-12-06,32166
2019-12-07,24311
2019-12-08,5456
2019-12-09,5741
2019-12-10,7202
2019-12-11,22413
2019-12-12,21673
2019-12-13,22726
2019-12-14,27745
2019-12-20,33362
2019-12-21,30320
2020-01-20,966
2020-01-21,1076
2020-01-22,1095
2020-01-23,1099
2020-01-24,1172
2020-01-25,26495
2020-01-26,23332
2020-01-27,47996
2020-01-28,54454
2020-01-29,56100
2020-01-30,52544
2020-01-31,53832
2020-02-03,9047
2020-02-04,9313
2020-02-05,9241
2020-02-06,9277
2020-02-07,11176
2020-02-08,8600
2020-02-09,7337
2020-02-17,4224
2020-02-18,4058
2020-02-19,4111
2020-02-20,4004
2020-02-21,3621
2020-02-22,2740
2020-02-23,3146
2020-02-24,66686
2020-02-25,66069
2020-02-26,66137
2020-02-27,68815
2020-02-28,74504
2020-02-29,66272
2020-03-01,54216
2020-03-03,1430
2020-03-04,1537
2020-03-05,1534
2020-03-06,1726
2020-03-07,1805
2020-03-08,1447
2020-03-09,2434
2020-08-17,60570
2020-08-18,63491
2020-08-19,62175
2020-08-20,65947
2020-08-21,66789
2020-08-22,12824
2020-08-23,9283
2020-08-24,18729
2020-08-25,62712
2020-08-26,64401
2020-08-27,64488
2020-08-28,67260
2020-08-29,53704
2020-08-30,54152
2020-08-31,64532
2020-09-01,61957
2020-09-02,66809
2020-09-03,64078
2020-09-04,67345
2020-09-05,115066
2020-09-06,102779
2020-09-07,14469
2020-09-08,18747
2020-09-09,18673
2020-09-10,18496
2020-09-11,19054
2020-09-12,40536
2020-09-13,34647
2020-09-14,41134
2020-09-15,40733
2020-09-16,41698
2020-09-17,42072
2020-09-18,42777
2020-09-24,126758
2020-10-03,51901
2020-10-04,41696
2020-10-05,47653
2020-10-06,49392
2020-10-07,49981
2020-10-08,51027
2020-10-09,53406
2020-10-10,19962
2020-10-11,17181
2020-10-12,19657
2020-10-13,22972
2020-10-14,23232
2020-10-15,23292
2020-10-16,23850
2020-10-17,20719
2020-10-18,17234
2020-10-19,51966
2020-10-20,54822
2020-10-21,54528
2020-10-22,49812
2020-10-23,54040
2020-10-24,49633
2020-10-25,41442
2020-10-26,56860
2020-10-27,74815
2020-10-28,75033
2020-10-29,73728
2020-10-30,52436
2020-10-31,50823
2020-11-01,44888
2020-11-04,90861
2020-11-05,54929
2020-11-07,30032
2020-11-08,27139
2020-11-09,32190
2020-11-10,30434
2020-11-11,30508
2020-11-12,32058
2020-11-13,17128
2020-11-14,13900
2020-11-15,11573
2020-11-16,14584
2020-11-17,14760
2020-11-18,14862
2020-11-19,13704
2020-11-20,14955
2020-11-21,14495
2020-11-22,11608
2020-12-05,5402
2020-12-06,4974
2020-12-07,6163
2020-12-08,6593
2020-12-09,8426
2020-12-10,8536
2020-12-11,6647
2020-12-12,5496
2020-12-13,4455
2021-01-04,30067
2021-01-05,31570
2021-01-06,31025
2021-01-07,31488
2021-01-08,30893
2021-01-09,34233
2021-01-10,31818
2021-01-11,30554
2021-01-12,32031
2021-01-13,31454
2021-01-14,33598
2021-01-15,34172
2021-01-16,6446
2021-02-25,26588
2021-02-26,25464
2021-02-27,17499
2021-02-28,17254
2021-03-01,19752
2021-03-02,18500
2021-03-03,19207
2021-03-04,40247
2021-03-05,46811
2021-03-06,43497
2021-03-07,38787
2021-03-08,44022
2021-03-09,47385
2021-03-10,47758
2021-03-11,48563
2021-03-12,50452
2021-03-13,45339
2021-03-14,39159
2021-03-15,45501
2021-03-16,46499
2021-03-17,47632
2021-03-18,45048
2021-03-19,48646
2021-03-20,45830
2021-03-21,40655
2021-03-22,62903
2021-03-23,61086
2021-03-24,56057
2021-03-25,61030
2021-03-26,62218
2021-03-27,56652
2021-03-28,40296
2021-03-29,7083
2021-03-30,2240
2021-03-31,2093
2021-04-01,2385
2021-04-02,2331
2021-04-03,17829
2021-04-04,14294
2021-04-05,19957
2021-04-06,21387
2021-04-07,17059
2021-04-08,21908
2021-04-09,21828
2021-04-10,18094
2021-04-11,16589
2021-04-12,19663
2021-04-13,18854
2021-04-14,21350
2021-04-15,20382
2021-04-16,21375
2021-04-17,41257
2021-04-18,34184
2021-04-19,46911
2021-04-20,50402
2021-04-21,43868
2021-04-22,48829
2021-04-23,54255
2021-04-24,45720
2021-04-25,21758
2021-04-26,44464
2021-04-27,49019
2021-04-28,50703
2021-04-29,47431
2021-04-30,34100
2021-05-01,34913
2021-05-02,29240
2021-05-03,29693
2021-05-04,28924
2021-05-05,28273
2021-05-06,30363
2021-05-07,31007
2021-05-08,26803
2021-05-09,22785
2021-05-10,27543
2021-05-11,28529
2021-05-12,29279
2021-05-13,28596
2021-05-14,50635
2021-05-15,44374
2021-05-16,37254
2021-05-17,52269
2021-05-18,54367
2021-05-19,58340
2021-05-20,55985
2021-05-21,57894
2021-05-22,52891
2021-05-23,55677
2021-05-24,52050
2021-05-25,285472
2021-05-26,290243
2021-05-27,283413
2021-05-28,48505
2021-05-29,2120
2021-06-01,19500
2021-06-02,20058
2021-06-03,18505
2021-06-04,21306
2021-06-05,32401
2021-06-06,32845
2021-06-07,53281
2021-06-08,234359
2021-06-09,24716
2021-06-10,24537
2021-06-11,25849
2021-06-12,22925
2021-06-13,23801
2021-06-14,25953
2021-06-15,24105
2021-06-16,75255
2021-06-17,75481
2021-06-18,76824
2021-06-19,105133
2021-06-20,103287
2021-06-21,121267
2021-06-22,10706
2021-06-23,9444
2021-06-24,9920
2021-06-25,483
2021-07-11,12464
2021-07-12,7774
2021-07-13,39780
2021-07-14,39609
2021-07-15,41086
2021-07-16,40137
2021-07-17,36807
2021-07-18,32068
2021-07-19,34598
2021-07-26,7537
2021-07-27,9486
2021-07-28,9582
2021-07-29,8507
2021-07-30,5159
2021-07-31,4139
2021-08-01,3755
2021-08-02,15161
2021-08-03,17852
2021-08-04,17002
2021-08-05,17559
2021-08-06,5725
2021-08-07,4090
2021-08-08,3701
2021-08-09,4832
2021-08-10,4968
2021-08-11,4602
2021-08-12,4561
2021-08-13,48331
2021-08-14,215845
2021-08-15,41224
2021-08-16,47132
2021-08-17,219112
2021-08-18,213064
2021-08-19,213127
2021-08-20,40717
2021-08-21,37905
2021-08-22,24119
2021-08-23,38117
2021-08-24,27631
2021-08-25,39445
2021-08-26,38990
2021-08-27,43654
2021-08-28,30173
2021-08-29,24806
2021-08-30,2397
2021-08-31,2451
2021-09-01,2338
2021-09-02,1977
2021-09-17,1163
2021-09-18,13881
2021-09-19,11664
2021-09-20,23437
2021-09-21,13406
2021-09-22,19815
2021-09-23,22984
2021-09-24,28600
2021-09-25,15407
2021-09-26,14811
2021-09-27,30530
2021-09-28,30494
2021-09-29,30890
2021-09-30,31918
2021-10-01,30267
2021-10-02,6711
2021-10-04,8459
2021-10-05,9083
2021-10-06,9009
2021-10-07,9410
2021-10-08,10151
2021-10-09,7309
2021-10-10,5876
2021-10-11,4664
2021-10-12,17953
2021-10-13,27443
2021-10-14,47162
2021-10-15,46652
2021-10-16,214939
2021-10-17,34873
2021-10-18,46678
2021-10-19,48177
2021-10-20,47441
2021-10-21,46790
2021-10-22,50228
2021-10-23,45009
2021-10-24,43202
2021-10-25,46290
2021-10-26,115264
2021-10-27,126332
2021-10-28,123597
2021-10-29,50237
2021-10-30,44761
2021-10-31,23814
2021-11-01,35914
2021-11-02,35927
2021-11-03,35381
2021-11-04,36457
2021-11-05,36442
2021-11-06,30026
2021-11-07,44731
2021-11-08,50541
2021-11-09,50691
2021-11-10,50710
2021-11-11,51583
2021-11-12,53626
2021-11-13,47609
2021-11-14,11277
2021-11-15,13836
2021-11-16,13656
2021-11-17,13293
2021-11-18,13471
2021-11-19,13436
2021-11-20,12953
2021-11-22,8757
2021-11-23,10134
2021-11-24,10200
2021-11-25,6772
2021-11-26,7578
2021-11-27,8002
2021-11-28,7477
2021-11-29,9529
2021-11-30,9487
2021-12-01,9926
2021-12-02,9565
2021-12-03,1318
2022-01-03,25216
2022-01-04,26864
2022-01-05,24810
2022-01-06,25050
2022-01-07,29015
2022-01-08,21039
2022-01-09,17796
2022-01-10,27369
2022-01-11,24880
2022-01-12,24783
2022-01-13,25355
2022-01-14,26830
2022-01-15,19097
2022-01-16,16851
2022-01-25,11817
2022-01-26,11996
2022-01-27,12677
2022-01-28,11696
2022-01-29,9003
2022-01-30,7734
2022-01-31,11941
2022-02-02,8537
2022-02-03,7783
2022-02-04,7473
2022-02-05,5495
2022-02-06,4342
2022-02-07,6076
2022-02-08,18596
2022-02-09,35411
2022-02-10,36299
2022-02-11,36511
2022-02-12,17489
2022-02-13,28849
2022-02-14,39326
2022-02-15,52152
2022-02-16,53930
2022-02-17,53099
2022-02-18,53453
2022-02-19,47052
2022-02-22,315
2022-02-23,246
2022-02-24,269
2022-02-25,375
2022-02-26,373
2022-02-27,392
2022-02-28,355
2022-03-03,13852
2022-03-04,13904
2022-03-05,30068
2022-03-06,7056
2022-03-07,11778
2022-03-08,17030
2022-03-09,16586
2022-03-10,18589
2022-03-11,17520
2022-03-12,13874
2022-03-13,4118
2022-03-14,5396
2022-03-15,7682
2022-03-16,7417
2022-03-17,7555
2022-03-18,8660
2022-03-19,5870
2022-03-20,30705
2022-03-21,28009
2022-03-22,38192
2022-03-23,36894
2022-03-24,33124
2022-03-25,35653
2022-03-26,31668
2022-03-27,23622
2022-03-28,29000
2022-03-29,27534
2022-03-30,28339
2022-03-31,28766
2022-04-01,31751
2022-04-02,26499
2022-04-03,17309
2022-04-04,43047
2022-04-05,42603
2022-04-06,41273
2022-04-07,41793
2022-04-08,45423
2022-04-09,42269
2022-04-10,37432
2022-04-11,23465
2022-04-12,7016
2022-04-13,0
2022-04-23,14906
2022-04-24,24565
2022-04-25,18306
2022-04-26,19439
2022-04-27,19836
2022-04-28,21255
2022-04-29,21653
2022-04-30,17154
2022-05-01,13920
2022-05-02,38080
2022-05-03,39876
2022-05-04,38097
2022-05-05,51655
2022-05-06,47326
2022-05-07,38705
2022-05-08,38510
2022-05-09,47587
2022-05-10,48263
2022-05-11,56530
2022-05-12,65496
2022-05-13,66642
2022-05-14,59780
2022-05-15,51263
2022-05-16,63507
2022-05-17,66468
2022-05-18,65572
2022-05-19,66322
2022-05-20,66204
2022-05-21,58529
2022-05-22,51374
2022-05-23,63805
2022-05-24,53528
2022-05-25,52229
2022-06-06,21176
2022-06-07,21292
2022-06-08,21969
2022-06-09,20865
2022-06-10,23868
2022-06-11,70161
2022-06-12,72055
2022-06-13,91206
2022-06-14,92314
2022-06-15,93926
2022-06-16,90803
2022-06-17,90152
2022-06-18,74587
2022-06-19,76967
2022-06-20,83093
2022-06-21,89384
2022-06-22,85899
2022-06-23,91782
2022-06-24,85348
2022-06-25,61544
2022-06-26,57830
2022-06-27,64141
2022-06-28,78177
2022-06-29,34915
2022-06-30,1747
2022-07-23,1846
2022-07-24,1421
2022-07-25,2093
2022-07-26,2132
2022-07-27,2013
2022-07-28,2145
2022-07-29,2257
2022-07-30,1799
2022-07-31,1306
2022-08-01,2108
2022-08-02,2192
2022-08-03,2105
2022-08-04,2196
2022-08-05,2359
2022-08-17,28708
2022-08-18,29463
2022-08-19,31852
2022-08-20,29730
2022-08-21,26860
2022-08-22,28293
2022-08-23,29816
2022-08-24,29893
2022-08-25,31182
2022-08-26,31937
2022-08-27,29315
2022-08-28,26906
2022-08-29,29113
2022-08-30,29850
2022-09-08,5359
2022-09-09,5391
2022-09-10,19097
2022-09-11,15612
2022-09-12,21383
2022-09-13,21634
2022-09-14,22331
2022-09-15,34164
2022-09-16,38356
2022-09-17,30955
2022-09-18,24908
2022-09-19,32967
2022-09-20,33590
2022-09-21,34566
2022-09-22,34433
2022-09-23,39477
2022-09-24,16706
2022-09-25,16939
2022-10-12,9706
2022-10-13,7211
2022-10-14,7663
2022-10-15,7031
2022-10-16,6456
2022-10-17,31677
2022-10-18,147660
2022-10-19,156817
2022-10-20,155872
2022-10-21,35934
2022-10-22,60557
2022-10-23,57993
2022-10-24,60876
2022-10-25,136742
2022-10-26,141119
2022-10-27,138998
2022-10-28,64227
2022-10-29,57649
2022-10-30,51258
2022-10-31,59796
2022-11-01,247622
2022-11-02,242720
2022-11-03,255407
2022-11-04,61556
2022-11-05,20255
2022-11-06,15747
2022-11-07,20200
2022-11-13,9790
2022-11-14,7942
2022-11-15,11161
2022-11-16,10789
2022-11-17,10776
2022-11-18,10858
2022-11-19,11014
2022-11-20,4942
2022-11-30,12587
2022-12-01,46577
2022-12-02,49335
2022-12-03,53170
2022-12-04,47829
2022-12-05,57940
2022-12-06,59958
2022-12-07,55840
2022-12-08,60044
2022-12-09,59178
2022-12-10,56599
2022-12-11,49440
2022-12-12,54387
2022-12-13,58343
2023-01-06,15243
2023-01-07,14277
2023-01-08,12987
2023-01-09,15315
2023-01-10,15668
2023-01-11,15393
2023-01-12,15292
2023-01-13,15431
2023-01-14,14660
2023-01-22,7259
2023-01-23,8944
2023-01-24,8972
2023-01-25,8847
2023-01-26,9339
2023-01-27,9494
2023-01-28,7684
2023-01-29,7245
2023-01-30,9163
2023-01-31,10516
2023-02-01,9966
2023-02-02,9922
2023-02-03,10366
2023-02-04,9047
2023-02-05,957
2023-02-06,1336
2023-02-27,18380
2023-02-28,18556
2023-03-01,14681
2023-03-02,14836
2023-03-03,14424
2023-03-04,13865
2023-03-05,12136
2023-03-06,13571
2023-03-07,13884
2023-03-08,14341
2023-03-09,17825
2023-03-10,18264
2023-03-11,17305
2023-03-12,15892
2023-03-13,16759
2023-03-14,17423
2023-03-15,17415
2023-03-16,13952
2023-03-17,14029
2023-03-18,10907
2023-03-19,10399
2023-03-20,13386
2023-03-21,14289
2023-03-22,13599
2023-03-23,32841
2023-03-24,34746
2023-03-25,35116
2023-03-26,7832
2023-03-27,9064
2023-03-28,223783
2023-03-29,230050
2023-03-30,194722
2023-03-31,17251
2023-04-01,18156
2023-04-02,16578
2023-04-04,193790
2023-04-05,183798
2023-04-18,140656
2023-04-19,148853
2023-04-20,153194
2023-04-23,44048
2023-04-24,38574
2023-04-25,288554
2023-04-26,291302
2023-04-27,137577
2023-04-28,33150
2023-04-29,31877
2023-04-30,29998
2023-05-01,31888
2023-05-02,31655
2023-05-03,31701
2023-05-04,32271
2023-05-05,66449
2023-05-06,62565
2023-05-07,58427
2023-05-08,62734
2023-05-09,62668
2023-05-10,62806
2023-05-11,64825
2023-05-12,66129
2023-05-13,60895
2023-05-14,58813
2023-05-15,22043
2023-05-16,19438
2023-05-17,16735
2023-05-18,16497
2023-05-19,16746
2023-05-20,15455
2023-05-21,12641
2023-05-22,23676
2023-05-23,24248
2023-05-24,33570
2023-05-25,33328
2023-05-26,33470
2023-05-27,29239
2023-05-28,27281
2023-05-29,15320
2023-05-30,19937
2023-05-31,20438
2023-06-01,15111
2023-06-02,16198
2023-06-03,14878
2023-06-04,12545
2023-06-05,21349
2023-06-06,44303
2023-06-07,44456
2023-06-08,44174
2023-06-09,28095
2023-06-10,277716
2023-06-11,273053
2023-06-12,252903
2023-06-13,260365
2023-06-14,258689
2023-06-15,253018
2023-06-16,263439
2023-06-17,275614
2023-06-18,272644
2023-06-19,77482
2023-06-20,88206
2023-06-21,89275
2023-06-22,88467
2023-06-23,86088
2023-06-24,72209
2023-06-25,75320
2023-06-26,81527
2023-06-27,85839
2023-06-28,85312
2023-06-29,86966
2023-06-30,85419
2023-07-01,3170
2023-07-02,3480
2023-07-03,4927
2023-07-04,6804
2023-07-05,5806
2023-07-06,6400
2023-07-07,6041
2023-07-29,35336
2023-07-30,33528
2023-07-31,43048
2023-08-01,42781
2023-08-02,44604
2023-08-03,44923
2023-08-04,44016
2023-08-05,36488
2023-08-06,10699
2023-08-07,6623
2023-08-08,7132
2023-08-09,7110
2023-08-10,6822
2023-08-11,7331
2023-08-12,6172
2023-09-06,10056
2023-09-07,9899
2023-09-08,8978
2023-09-09,7755
2023-09-10,6306
2023-09-11,9067
2023-09-12,10551
2023-09-18,18055
2023-09-19,19797
2023-09-20,20049
2023-09-21,20351
2023-09-22,19044
2023-09-23,8540
2023-09-24,7885
2023-10-01,37645
2023-10-02,34936
2023-10-03,34962
2023-10-04,33689
2023-10-05,34148
2023-10-06,33483
2023-10-07,26468
2023-10-08,29357
2023-10-09,34006
2023-10-10,32677
2023-10-15,41596
2023-10-16,36158
2023-10-17,55135
2023-10-18,41761
2023-10-19,41741
2023-10-20,48180
2023-10-21,45236
2023-10-22,43867
2023-10-23,47441
2023-10-24,48323
2023-10-25,49323
2023-10-26,49849
2023-10-27,48538
2023-10-28,46332
2023-10-29,41023
2023-10-30,47621
2023-10-31,46938
2023-11-01,63271
2023-11-02,65168
2023-11-03,67136
2023-11-04,62697
2023-11-05,57365
2023-11-06,37876
2023-11-13,37586
2023-11-14,39379
2023-11-15,39479
2023-11-16,42810
2023-11-17,44017
2023-11-18,39260
2023-11-19,33441
2023-12-02,37838
2023-12-03,36009
2023-12-04,36015
2023-12-05,36290
2023-12-06,36320
2023-12-07,41149
2023-12-08,38416
2023-12-09,36363
2023-12-10,35141
2024-01-06,17122
2024-01-07,16707
2024-01-08,22323
2024-01-09,22826
2024-01-10,22536
2024-01-11,22673
2024-01-12,23873
2024-01-13,17594
2024-01-14,17599
2024-01-15,9096
2024-01-16,10542
2024-01-17,9170
2024-01-18,9606
2024-01-19,9581
2024-01-20,7739
2024-01-21,6555
2024-01-22,9128
2024-01-23,9291
2024-01-24,9514
2024-01-25,9531
2024-01-26,9736
2024-01-27,7607
2024-01-28,6842
2024-01-29,9310
2024-01-30,9291
2024-02-04,11400
2024-02-05,12078
2024-02-06,29416
2024-02-07,29962
2024-02-08,30133
2024-02-09,30330
2024-02-10,29511
2024-02-11,28621
2024-02-12,29794
2024-02-13,5057
2024-02-14,5289
2024-02-15,4957
2024-02-16,4786
2024-02-17,4138
2024-02-24,17235
2024-02-25,16261
2024-02-26,18690
2024-02-27,19095
2024-02-28,19181
2024-02-29,19988
2024-03-01,20520
2024-03-02,36061
2024-03-03,35982
2024-03-04,37882
2024-03-05,33398
2024-03-06,32439
2024-03-07,33578
2024-03-08,35131
2024-03-09,32328
2024-03-10,28696
2024-03-11,26550
2024-03-12,28261
2024-03-13,27714
2024-03-14,34277
2024-03-15,33776
2024-03-16,111299
2024-03-17,103501
2024-03-18,97955
2024-03-19,87111
2024-03-20,19620
2024-03-21,18325
2024-03-22,20141
2024-03-23,15826
2024-03-24,15304
2024-03-25,17604
2024-03-26,17643
2024-03-27,206352
2024-03-28,179702
2024-03-29,16174
2024-04-09,8922
2024-04-10,8353
2024-04-11,8514
2024-04-12,9700
2024-04-13,8175
2024-04-14,6802
2024-04-15,8668
2024-05-04,21147
2024-05-05,21617
2024-05-06,24745
2024-05-07,24737
2024-05-08,24682
2024-05-09,25610
2024-05-10,24915
2024-05-11,20889
2024-05-12,20995
2024-05-13,13835
2024-05-14,14325
2024-05-15,23961
2024-05-16,24420
2024-05-17,25170
2024-05-18,21344
2024-05-19,19783
2024-05-20,23893
2024-05-21,24043
2024-05-22,14792
2024-05-23,15346
2024-05-24,15844
2024-05-25,11924
2024-05-26,11505
2024-06-04,56138
2024-06-05,58077
2024-06-06,57184
2024-06-07,61309
2024-06-08,63409
2024-06-09,60472
2024-06-10,57475
